0,1,2,3,4,5,6,7,8,9,10,11,12,13,14,15,16,17,18,19,20,21,22,23,24,25,26,27,28,29,30,31,32,33,34,35,36,37,38,39,40,41,42,43,44,45,46,47,48,49,50,51,52,53,54,55,56,57,58,59,60,61,62,63
-0.021014,0.142435,0.103513,-0.119181,-0.133670,0.038681,-0.028667,0.164724,-0.083923,0.149075,-0.077641,0.117735,0.085365,0.004368,-0.188760,-0.109239,-0.138838,-0.100070,0.034964,-0.091693,0.198598,0.160937,0.057483,0.032557,0.107703,0.037187,0.055246,0.237223,0.143201,-0.018528,0.137392,-0.153564,-0.106617,0.040509,-0.046958,0.080592,0.052743,0.043419,0.136124,0.132545,0.131037,0.134633,0.034834,0.022383,0.024775,0.291606,-0.082128,0.017314,0.064127,-0.006928,0.066124,0.007512,-0.006369,-0.113374,0.007756,0.059847,-0.000780,-0.068487,0.004230,-0.000145,0.044448,-0.081924,-0.060750,-0.088880
0.098776,0.062222,-0.093264,-0.000271,0.077108,0.056925,-0.092526,0.211847,-0.015291,-0.031570,0.034428,0.066505,0.094063,-0.034797,0.076426,0.095169,-0.074420,-0.078269,-0.047501,-0.139280,0.140431,0.060857,-0.167396,-0.124531,0.003151,0.105718,0.188539,0.289298,-0.088373,-0.188646,-0.088295,-0.005513,-0.015616,0.009545,0.095504,-0.036114,0.039573,0.037601,-0.025250,0.011050,-0.125694,-0.040066,0.083879,-0.167413,-0.036327,-0.099894,-0.168307,0.004111,-0.024912,0.008699,0.060106,0.036156,0.065764,-0.001342,0.041103,-0.122667,-0.127017,0.086049,-0.130050,0.038224,-0.162271,-0.038946,0.110218,-0.035166
-0.017982,-0.020136,0.009536,0.022670,-0.000140,0.134463,0.139082,0.172079,0.103671,0.126919,-0.043347,0.159848,0.092067,0.070726,-0.163648,-0.065573,-0.127782,0.067995,0.039542,0.041129,0.150092,-0.024561,-0.037666,0.053212,-0.096069,-0.084052,-0.054445,0.033899,0.156972,-0.201394,0.071952,-0.134257,0.013497,-0.072876,0.078054,-0.108381,-0.031982,-0.067143,0.039128,0.120385,-0.097140,0.107546,0.039869,-0.111846,0.096072,-0.016484,-0.121369,-0.043340,-0.122555,-0.042181,0.036101,-0.052774,-0.133384,0.042398,0.147671,-0.070377,-0.039098,0.051193,-0.054366,-0.136580,0.094821,0.056677,-0.042180,-0.024334
0.156754,0.017955,0.128956,-0.065728,0.024972,0.040507,0.119616,0.018603,0.089837,-0.074168,-0.187150,-0.037759,0.106815,0.002612,-0.070401,-0.055506,0.024269,-0.113379,0.085465,-0.140345,-0.015651,-0.267893,0.116740,-0.063028,-0.108163,0.035343,-0.016086,-0.087821,0.075736,-0.143786,-0.089989,-0.014890,-0.023174,0.090077,0.135541,-0.147515,-0.134915,-0.087916,0.066649,-0.093991,-0.040021,0.124004,0.025700,0.008891,0.170803,0.049853,-0.077372,-0.065461,0.073332,0.105533,-0.045642,-0.002661,0.043745,-0.023770,-0.179530,-0.044614,0.000700,-0.021914,-0.030020,-0.067371,-0.060115,-0.010881,0.108221,-0.139922
-0.003144,0.002187,0.199588,0.054106,-0.020476,-0.147166,0.060983,0.096023,0.004115,0.106779,0.006871,0.240428,-0.124757,-0.107090,-0.010299,0.029585,-0.075975,0.084536,0.136844,-0.080379,-0.151738,0.055779,0.055327,0.114711,0.105783,0.249165,0.031933,-0.082923,0.011047,0.036728,0.054308,-0.092686,-0.174741,0.047346,0.118781,-0.003118,0.117843,-0.049106,0.082917,0.014401,-0.031090,0.026419,0.196516,-0.056528,0.086260,-0.124231,0.172807,-0.010331,0.049583,0.199624,0.007730,-0.030819,-0.014158,0.029837,0.107925,0.332483,-0.084040,0.039320,0.055007,-0.123179,0.187807,-0.052112,0.087699,0.032780
-0.113232,-0.129113,0.119892,-0.193529,-0.064430,-0.054542,0.199904,-0.009866,0.002558,0.067768,-0.048266,0.038896,-0.043874,0.106813,0.140106,0.027207,-0.037651,0.182443,0.000146,0.115514,-0.157850,-0.191837,-0.212169,-0.011053,-0.025114,0.027454,-0.037353,0.080740,0.049540,0.106707,-0.112258,0.131296,-0.005196,-0.036719,0.051281,-0.141416,-0.109096,0.024848,0.090067,-0.032372,-0.091751,-0.270963,-0.067384,-0.096490,-0.164909,0.031963,0.076638,-0.001222,0.041457,0.078294,-0.079385,-0.002029,0.053404,-0.040836,-0.094283,0.183066,0.230351,-0.072704,0.186992,0.019843,0.025956,-0.077744,-0.005247,-0.045013
-0.037393,-0.160277,-0.104576,0.092513,-0.077295,0.013203,-0.133939,-0.015098,-0.085512,0.008783,0.026356,-0.082536,-0.075989,-0.183049,0.045692,-0.031067,0.130119,0.044970,-0.091935,0.183384,-0.114531,0.057044,-0.109948,0.070900,0.042038,0.175528,0.112084,0.010097,-0.074739,0.084205,0.123645,-0.073703,0.116416,0.230753,0.082881,0.057085,0.048422,-0.023537,-0.026420,-0.061581,-0.099508,0.085670,-0.029721,-0.028771,-0.106603,-0.040076,-0.148138,-0.030652,-0.017955,-0.108225,0.041466,0.016782,0.021743,0.149862,0.028838,0.082281,-0.089822,-0.109621,-0.014730,-0.077376,0.048486,0.103776,-0.097060,0.028194
-0.022393,0.059634,0.166201,-0.097462,-0.017615,0.048689,-0.081718,-0.126162,0.124846,-0.133587,0.066842,-0.126354,0.119653,0.068319,-0.101439,-0.107340,-0.119663,-0.000897,0.006817,0.085603,-0.160648,-0.047954,0.044018,0.062688,0.008451,0.075936,-0.286279,0.145539,0.082023,-0.087020,0.065645,-0.003519,-0.138994,0.046525,0.131369,-0.004733,-0.134048,0.245111,0.084731,-0.003369,-0.098274,0.015060,0.066523,0.067508,-0.047104,0.041062,0.111003,0.020963,0.008002,0.052216,-0.012864,0.120397,-0.034857,-0.205865,0.074833,-0.001405,0.013304,0.075066,-0.091977,-0.135652,-0.012873,0.097606,-0.095584,0.016556
-0.090897,-0.059455,0.113033,-0.106887,-0.083750,-0.056388,0.135682,-0.078050,0.039764,-0.119867,-0.060840,0.068479,-0.037690,-0.185970,-0.110534,-0.122914,-0.022851,0.041217,0.045227,-0.057989,-0.164378,-0.119007,0.012503,-0.198878,-0.148676,-0.069369,-0.120799,0.068773,0.019801,-0.253139,0.107741,0.156003,0.011302,-0.062009,0.128874,0.195683,-0.001641,0.059293,-0.063572,0.020388,-0.000628,-0.031964,-0.081829,0.079157,0.027353,0.008818,0.168555,0.000347,0.043688,-0.082240,0.066397,-0.109411,0.147033,0.139832,-0.059737,-0.190552,-0.040378,-0.119069,0.057945,-0.069907,0.227931,-0.103703,-0.066829,0.015251
-0.023331,0.257687,0.130558,0.060375,-0.077850,0.101408,0.041852,0.077891,0.008648,-0.195878,0.061397,-0.056642,0.016614,0.048586,0.092043,-0.163484,-0.105911,0.028670,0.015548,-0.125810,-0.067441,0.191346,-0.104429,-0.078019,-0.073676,0.132846,-0.171512,-0.091560,0.146714,-0.047592,0.045715,-0.044638,0.054628,0.012998,0.015163,-0.038669,0.192074,0.035851,0.001107,0.089180,-0.118521,-0.091029,-0.043702,-0.046614,0.159449,0.126522,0.079595,0.086900,0.188623,0.053274,-0.211619,-0.014835,-0.089582,0.159907,0.040485,-0.022214,-0.013972,-0.036161,0.102216,-0.069126,0.031587,-0.069289,0.038843,-0.158514
0.088383,-0.005548,0.101428,0.137995,-0.097604,0.008797,-0.020960,0.058106,0.097832,-0.055385,-0.064208,-0.327358,-0.137011,0.034435,0.096660,-0.037856,-0.018138,0.202284,-0.047132,0.072758,-0.015540,0.155180,-0.113099,0.040145,0.058694,-0.095119,0.047456,0.024786,0.060196,-0.038654,0.096611,-0.029889,-0.001883,-0.037495,-0.111528,0.208437,-0.098819,0.004964,0.117708,-0.012050,-0.041426,0.022633,0.305610,-0.044321,0.018023,0.040347,-0.121784,0.063710,-0.096677,0.176313,0.178942,-0.044279,0.146499,0.030848,0.116312,-0.012948,-0.032472,0.094395,0.086851,0.012452,-0.005178,0.031137,0.051531,0.071914
0.130883,0.010165,-0.050578,0.113197,-0.025362,0.021920,0.122621,0.333587,-0.015827,0.137942,0.040304,-0.085911,-0.144222,-0.075026,0.087721,0.053014,0.000891,-0.099958,0.235866,0.222850,0.060735,-0.021008,0.036898,0.140034,0.113086,0.045730,-0.052867,0.146120,0.111083,-0.046394,-0.031634,-0.004269,-0.097380,-0.161875,-0.177953,0.071605,-0.167127,0.139389,0.036976,0.023246,-0.109742,0.106554,0.186036,0.043577,0.091497,0.227092,-0.095715,0.086420,0.082812,-0.077126,-0.017068,0.136368,0.038240,0.154281,0.020383,-0.133101,0.084822,0.027836,-0.211229,0.050208,-0.010905,0.049829,0.016209,-0.090410
0.142033,0.217163,-0.074571,-0.099241,0.075327,-0.184396,0.043949,0.030920,-0.005894,-0.047182,0.080277,-0.123230,0.003602,0.060281,0.124910,-0.047439,-0.009666,0.017331,0.035924,-0.015885,0.029988,-0.024164,-0.098007,0.085222,-0.021537,-0.102506,0.041293,0.082746,-0.132774,-0.099217,-0.129462,0.044186,-0.020376,0.008812,0.004317,0.206224,0.057903,-0.073603,-0.018492,0.094971,-0.234872,-0.178179,-0.028120,0.073092,0.037675,0.188784,-0.133814,-0.063938,-0.027882,-0.025474,-0.073499,-0.070822,-0.020057,0.122173,0.023544,0.034722,-0.026736,0.127822,0.049240,0.160723,0.045044,-0.002611,-0.093984,0.021593
0.040397,-0.071196,0.039008,-0.067837,0.012013,-0.027134,-0.029008,0.069177,-0.125175,0.053490,0.030238,0.028964,-0.184074,-0.103793,-0.001935,0.119736,-0.010287,0.037908,0.018960,-0.014615,0.122681,0.092117,0.053528,0.165437,-0.072854,0.087234,0.032016,-0.067395,0.070381,0.104707,0.000504,-0.212441,-0.074749,-0.074785,0.135337,0.029346,-0.202246,-0.034667,0.156816,-0.007964,-0.043780,-0.153521,-0.012651,-0.180061,-0.118168,-0.003740,-0.022869,0.026906,0.079073,-0.014641,0.029159,-0.007532,-0.115009,0.063602,0.055228,-0.153350,0.128774,-0.018073,-0.016832,-0.014852,0.214200,0.085292,-0.059998,-0.079210
0.180239,-0.143140,0.059065,0.012426,0.047845,0.082694,0.085699,-0.112579,-0.136099,-0.095762,-0.088618,0.042774,-0.079753,-0.214959,0.096877,0.006146,-0.178660,0.138330,0.102074,-0.149222,0.090781,0.060988,-0.051112,-0.184833,-0.041103,-0.077491,-0.150263,-0.006553,0.108053,0.101575,0.068578,0.069955,-0.116400,-0.094564,-0.047166,0.184547,0.100776,-0.150228,0.038307,-0.008352,-0.121013,-0.060954,0.070173,0.007965,0.076903,-0.100485,-0.036800,0.171694,-0.031334,-0.000456,-0.085046,0.087706,-0.261915,0.047517,-0.117723,-0.050133,0.122648,0.055676,-0.043693,0.038382,-0.280134,-0.095396,0.067862,-0.111328
-0.183635,0.096667,-0.040010,0.036770,-0.027344,-0.089642,0.006885,-0.010588,-0.019237,-0.117695,-0.040381,0.143003,-0.134081,-0.125996,0.137136,0.100605,-0.059178,-0.159228,0.040963,0.117189,-0.001878,-0.087772,-0.012200,0.000946,0.021782,-0.121050,-0.047121,0.014611,0.061708,-0.083524,0.083710,0.019053,-0.137515,0.017276,-0.003723,-0.063009,-0.017311,-0.014025,-0.106631,0.015292,0.181182,-0.050769,-0.115671,-0.095691,0.215622,0.078878,-0.016289,0.013072,-0.136853,-0.008984,0.075661,-0.240202,0.033817,-0.079231,-0.232264,0.048066,-0.140074,0.224379,0.006795,0.198715,-0.068872,0.060487,0.024368,-0.015644
-0.077261,-0.036340,0.056964,0.008507,-0.154531,0.060457,-0.026513,-0.021642,-0.020054,-0.135360,0.045524,0.068849,0.028060,0.045666,0.048770,0.098830,-0.021888,-0.179642,-0.021563,-0.176872,-0.005588,0.095064,0.037943,-0.193414,0.014711,0.237864,-0.109435,-0.083948,0.241353,-0.117579,-0.009317,0.040081,-0.040472,0.059221,-0.035935,-0.163609,-0.017220,-0.019641,0.184128,-0.108220,0.111596,0.204158,-0.021271,0.072531,0.045359,0.030769,0.022962,0.076541,-0.038488,-0.015619,0.085816,0.054856,0.029295,0.064109,0.162872,-0.034623,0.120356,0.134046,0.097318,-0.129987,0.132255,0.195441,-0.130420,0.063356
-0.056031,0.005858,-0.038011,-0.153527,0.009235,-0.071411,-0.274203,-0.157129,0.097022,-0.091392,-0.019283,0.154110,0.120716,-0.105914,-0.051016,0.065897,0.093295,0.073382,0.083854,-0.017068,0.075607,0.015832,0.067791,0.031150,-0.240201,-0.059181,-0.107100,-0.032971,0.035642,-0.070637,0.176011,0.012154,0.017369,-0.009324,-0.109032,0.021997,-0.022205,-0.097475,-0.139568,0.139998,0.127608,0.019368,0.054298,0.096450,0.090255,-0.064800,0.077690,-0.038091,0.076877,-0.077808,0.021277,-0.042924,-0.019760,-0.035404,0.045268,-0.218622,-0.045701,0.064096,0.000954,-0.092221,-0.133195,-0.111865,-0.059767,-0.055699
-0.022761,-0.038432,-0.035200,-0.010448,0.185194,0.163662,-0.051983,0.006538,0.037234,-0.020152,0.021110,-0.018728,0.117652,0.078935,-0.071416,-0.077968,0.094959,0.049670,-0.095562,-0.039639,-0.140792,0.016343,0.002295,-0.111380,-0.115280,0.101298,-0.107843,-0.088095,-0.088881,-0.044492,-0.023101,0.035028,0.021228,0.077884,0.024830,0.019806,-0.078196,0.018911,-0.021876,0.014301,0.086361,-0.015448,-0.118498,0.032910,0.031213,0.012399,0.161586,0.100226,0.234757,-0.033404,0.060485,-0.170991,-0.046467,0.106661,-0.168364,-0.031915,0.110151,-0.102883,-0.027485,-0.062945,0.190167,-0.137055,-0.120924,0.028781
0.035144,0.051756,-0.028173,-0.123036,0.034877,-0.017056,-0.017809,-0.141321,0.021869,0.134522,0.070895,-0.068364,-0.111403,-0.092045,0.131417,0.117094,0.062885,0.030291,-0.002675,-0.029388,0.049361,-0.021473,-0.029933,0.016301,0.063404,-0.091594,-0.019742,0.003774,-0.083945,0.118806,0.192212,0.004825,-0.041795,0.153403,-0.012384,0.040218,-0.042276,-0.020926,0.132614,0.110931,-0.012381,0.002816,0.073912,0.098509,0.117018,0.097211,0.099430,0.072923,-0.078332,-0.049664,0.029326,-0.014320,-0.062356,-0.156190,0.007951,0.065673,-0.023896,0.046916,-0.047381,0.135838,-0.055001,-0.079338,0.052280,-0.009361
-0.161000,0.113545,-0.003008,0.155861,0.058417,0.052199,0.160285,0.081915,-0.033758,-0.032787,-0.029212,-0.088955,-0.027583,0.145510,0.054381,0.011296,0.082492,0.075895,0.006833,0.179544,0.078290,0.164261,-0.005674,-0.252578,-0.050031,0.117251,0.063291,0.130743,-0.102031,0.061961,-0.055736,0.197338,-0.042274,-0.072076,0.018285,0.118534,-0.084653,0.145560,0.069538,0.032066,-0.116753,-0.033144,-0.087635,0.020008,-0.047152,-0.080324,0.023960,-0.050304,-0.151554,0.132496,-0.048996,0.003847,0.040010,0.035672,0.045178,-0.029141,-0.053643,0.017928,-0.002473,-0.050770,0.065968,0.013438,0.133200,0.085185
-0.098875,-0.063643,0.112199,0.093674,0.020739,0.177533,-0.002966,0.059606,0.019434,0.077331,-0.026285,-0.009848,-0.104350,0.027185,-0.171499,-0.004386,-0.127963,0.003031,0.064650,0.085695,-0.142893,0.098131,-0.016980,-0.107812,-0.139962,-0.142742,-0.107487,0.034638,0.031624,-0.032470,-0.130321,0.123087,0.165806,0.128503,-0.055840,-0.036230,-0.058284,-0.073998,-0.101899,0.072014,0.097918,0.110071,-0.133962,-0.097361,0.027278,-0.027513,-0.066737,-0.208819,-0.097064,0.025615,-0.021536,0.035695,0.032374,-0.060111,-0.039698,-0.021210,-0.013351,-0.054489,0.009431,0.087905,0.122176,0.039647,-0.029195,0.191017
0.045720,-0.092420,-0.018651,-0.072134,0.009473,0.050765,0.154822,-0.153205,0.030776,0.161668,-0.057441,-0.112453,-0.151034,-0.053119,-0.047914,-0.256239,-0.180299,-0.114704,0.144244,-0.027562,0.166167,-0.039774,-0.099673,-0.043170,-0.034703,0.005106,-0.047278,-0.047845,0.025586,0.005844,-0.132454,0.117122,0.006244,-0.057128,0.077723,0.126669,0.104651,-0.026226,0.121547,0.178972,0.086917,0.122470,0.037051,0.172242,-0.074246,-0.114689,-0.011513,0.011831,0.029715,0.094998,-0.000261,0.109390,-0.005704,-0.073675,-0.125851,0.061835,-0.113778,-0.027438,0.115433,-0.105664,-0.080307,0.051118,0.014212,-0.002825
-0.168126,0.196536,0.130270,-0.047853,0.085148,0.031224,0.045249,-0.061590,0.048374,-0.162431,0.159368,0.037605,0.285480,0.180683,0.180138,0.021737,0.136832,0.006999,0.088121,0.063094,0.141657,0.004564,0.084529,-0.079590,0.016258,0.062046,0.050424,0.164149,0.030847,-0.261387,0.134785,0.095126,0.019950,-0.001914,-0.059739,-0.155797,0.024038,-0.147674,-0.007833,-0.204546,0.007922,-0.005568,-0.036468,0.017151,-0.036157,-0.079092,0.034534,0.014673,-0.077924,0.011773,0.040372,-0.100443,0.010266,-0.094819,-0.023772,0.032713,0.010065,0.088529,-0.101455,-0.207910,-0.075053,-0.115447,-0.093188,-0.060660
0.102744,-0.093238,-0.027481,-0.032829,0.081998,-0.063399,-0.082879,0.016026,-0.080959,0.023420,0.080071,0.131503,0.063048,-0.133252,-0.094441,0.007528,-0.048938,0.068626,-0.036411,0.143576,0.110474,0.081106,0.008208,0.062168,-0.046561,0.124260,-0.262178,-0.051407,-0.016811,0.149753,0.196686,-0.209548,-0.053569,0.096888,-0.117566,-0.010070,0.154928,0.251724,-0.046241,-0.088101,-0.112553,0.086547,0.015740,0.114396,0.099682,0.012601,-0.138469,-0.071771,-0.161886,0.125071,0.229925,0.014322,-0.190666,0.176490,0.095956,-0.104735,0.132771,0.114961,-0.085422,0.110587,-0.132181,0.070400,0.110558,0.041078
0.078796,0.000564,0.042194,0.008171,0.106559,0.034152,0.037274,-0.016172,-0.000393,-0.102217,-0.211999,-0.007390,0.147983,-0.065202,-0.020865,-0.064133,0.057057,0.044805,-0.059060,0.051941,-0.109758,0.063425,0.002171,0.025947,-0.119872,0.019766,0.096583,-0.008100,-0.075908,-0.100034,-0.147810,-0.093622,0.149661,-0.161927,-0.042038,0.139874,-0.011611,-0.139435,-0.009931,-0.200843,0.002450,0.094536,-0.218039,0.121023,-0.148400,0.246265,-0.114693,0.041823,0.026536,-0.152209,0.150934,-0.156669,-0.126388,0.078627,0.089618,-0.131376,0.090337,-0.104504,-0.023731,-0.118867,0.130337,0.047905,-0.150407,-0.003390
0.016399,-0.241999,0.134641,-0.081634,0.191585,-0.010215,-0.067531,-0.002459,0.103057,-0.093822,-0.132205,-0.057141,0.056300,0.084638,-0.006455,-0.071575,-0.092413,0.019059,0.124441,-0.005286,0.172326,-0.232836,-0.024875,-0.059754,0.008757,-0.125782,-0.130558,-0.057517,0.010909,-0.055790,0.120548,0.215657,-0.022208,-0.232972,0.048098,0.055573,-0.019326,0.071626,-0.052329,-0.072935,-0.041915,0.059527,0.012985,0.118755,0.228842,0.126218,-0.075565,-0.084957,0.065542,-0.043096,0.060623,-0.215163,-0.077267,0.021167,-0.022808,-0.016897,-0.028708,0.059826,-0.102589,0.149151,-0.106081,0.151049,0.021340,-0.005008
0.057185,0.147239,-0.094167,-0.092106,-0.156217,-0.130432,-0.063779,-0.130446,0.042760,0.097470,0.056497,0.125752,-0.010606,0.062120,-0.129894,-0.059294,-0.009810,0.046605,0.020752,0.049942,-0.056579,-0.059582,-0.046067,-0.159649,0.074935,0.036120,-0.080892,-0.059996,-0.072993,-0.095083,0.217434,-0.070536,-0.010267,0.008192,-0.172541,-0.029755,0.133185,-0.078825,0.082491,0.019851,-0.132941,-0.007383,0.183427,-0.009069,0.083166,0.044329,0.152992,-0.098680,-0.079399,-0.114561,0.057824,-0.000536,-0.108644,0.107342,-0.148399,0.003014,-0.014487,-0.051420,-0.115487,0.002446,-0.162855,-0.146067,0.048122,-0.008637
-0.062348,0.221979,0.020942,-0.090191,0.018595,-0.139130,-0.040813,-0.045884,-0.222284,-0.052708,0.080588,0.044519,-0.098921,0.140929,0.130202,-0.103044,0.109996,-0.016461,0.035203,0.054791,-0.098509,0.075900,0.110418,0.155303,-0.051059,0.083039,0.004277,-0.093663,-0.001691,0.033215,-0.113327,-0.150448,-0.398755,-0.027066,0.032684,-0.073414,-0.121283,-0.051335,0.006051,0.097197,0.077047,-0.037017,0.096863,0.027911,0.114714,0.017576,0.005285,-0.063684,-0.086531,-0.160306,-0.018642,0.085909,-0.113551,0.064802,0.032670,0.099714,-0.037142,-0.031609,0.061932,-0.134247,0.050594,0.188774,0.032474,-0.053199
0.050077,0.113241,0.107201,-0.045348,0.053653,0.003164,-0.126269,-0.139576,0.075845,0.020784,-0.169425,-0.030323,0.030946,0.277529,-0.164993,0.001845,0.118649,0.096909,-0.094585,-0.208073,-0.107038,-0.106423,-0.000834,0.171196,0.018501,-0.107217,0.008466,-0.254447,-0.135084,0.041056,-0.188896,0.115848,0.087746,0.074380,0.086278,-0.006280,-0.078464,0.020109,-0.079160,0.155922,-0.010960,-0.089092,0.002779,0.052656,-0.018156,-0.051220,0.014494,-0.026546,-0.063233,-0.054366,-0.091404,0.088664,0.083855,0.004661,-0.004215,0.125260,0.085742,0.049033,0.070047,0.078974,0.089292,-0.088828,-0.133490,0.165230
0.011966,-0.055052,-0.034678,0.104315,0.015907,0.000837,-0.048395,0.128304,-0.025112,-0.082591,-0.017111,-0.168741,0.009220,0.054131,0.062466,-0.127109,-0.099319,0.018786,0.006916,0.002039,-0.007070,0.129565,-0.016632,-0.069417,0.018391,0.057539,-0.022959,0.031942,0.128097,-0.200171,0.032133,-0.033332,-0.133545,0.205448,0.018607,-0.017696,0.008591,0.099487,0.011787,0.201009,0.094883,0.082311,0.007410,-0.162206,0.026585,-0.005915,-0.022647,-0.036095,-0.143746,-0.009713,-0.155780,-0.134702,0.022143,-0.014554,0.071270,-0.107510,-0.103286,-0.057894,0.094658,-0.110670,-0.069958,0.018422,-0.008414,-0.014512
0.017906,0.160839,-0.051230,-0.105390,-0.108005,-0.111747,-0.030442,0.065505,0.058127,-0.061343,0.078199,0.061192,-0.036295,0.107260,-0.064329,0.062928,0.039290,-0.117870,0.004646,0.060245,0.002923,-0.017519,-0.117211,-0.004711,0.092189,-0.050537,0.014614,-0.003743,-0.040504,0.039403,-0.029941,0.038932,-0.016801,-0.007372,0.059838,-0.260781,-0.033305,-0.084993,0.154727,0.039805,-0.120216,0.235188,0.057860,0.138850,-0.070121,-0.034273,-0.084325,0.043793,0.058078,-0.057726,0.071363,-0.013530,-0.122669,-0.167610,0.082783,-0.099330,0.140016,-0.037150,0.101910,0.012439,0.039388,0.076019,-0.151442,-0.012553
0.111256,0.147707,-0.160851,-0.105543,0.120037,0.078420,0.051707,0.013494,-0.042454,-0.059141,0.028240,0.047555,-0.041060,0.179694,0.038107,0.013917,-0.013953,-0.040754,-0.119383,0.157992,-0.107805,0.025601,0.068684,0.163408,-0.059718,-0.173971,0.007406,-0.059145,-0.118774,-0.026175,0.090448,-0.182462,-0.048380,0.050420,0.098348,-0.032466,-0.022264,0.138583,-0.046767,-0.132791,0.072163,-0.019688,-0.034584,0.067150,-0.036000,0.202966,-0.111600,0.124055,0.003588,-0.083744,-0.225450,-0.039840,-0.027939,0.094022,-0.134824,-0.101470,0.083606,-0.086459,0.011407,-0.032766,-0.097718,0.001920,-0.231033,-0.161298
0.106778,-0.082666,-0.040375,0.033112,-0.061054,0.225500,0.060533,-0.079458,0.020340,-0.104593,0.171396,0.053201,0.076912,-0.102338,0.042691,-0.025334,0.107232,-0.045045,0.055414,-0.076328,-0.084562,-0.222265,0.054523,-0.039752,-0.039191,0.097825,0.093270,-0.065864,0.049657,0.127411,-0.015435,-0.142544,0.053288,0.020601,-0.062797,-0.120781,-0.000138,-0.019091,-0.060236,-0.037268,-0.111832,0.133647,-0.084267,-0.052794,-0.030083,-0.139169,-0.099834,-0.021312,0.042357,-0.176017,0.172070,-0.096057,-0.016116,0.199170,-0.012156,0.092851,-0.044768,0.088406,0.037670,-0.021740,0.095557,0.014028,0.051009,0.094167
0.102464,-0.166950,-0.128464,-0.051430,0.091636,-0.040940,0.087673,0.124571,0.089188,0.044405,-0.023291,0.172182,-0.132592,-0.019532,0.166810,0.048725,0.205245,-0.140529,0.024640,0.079756,0.137539,0.115463,-0.029442,0.070545,0.021878,0.114401,0.179842,0.081267,-0.137586,-0.014394,-0.167789,-0.001092,0.116754,-0.052665,0.188124,-0.049578,-0.025886,-0.022275,0.023773,-0.038600,0.035811,-0.043985,0.111095,-0.097641,-0.012200,-0.082065,0.024378,0.114629,-0.000742,-0.060889,0.153121,-0.233792,-0.165720,-0.037777,0.079009,0.099678,0.082560,-0.059904,-0.083230,0.063609,-0.043296,0.012008,0.037515,-0.012291
0.012470,0.014178,-0.049179,-0.038484,-0.027443,-0.011423,-0.052988,-0.080227,-0.048592,0.192449,0.145163,0.070000,-0.036545,0.034516,0.000778,0.038575,-0.061063,0.031239,-0.012218,-0.048958,0.152794,-0.008687,0.055067,-0.011698,0.190240,-0.057457,0.123886,-0.084154,-0.151680,-0.005844,-0.070140,0.105574,-0.082659,-0.072801,0.072229,0.138710,0.119830,-0.013017,0.058608,0.069291,-0.090496,0.056833,-0.049106,0.010068,-0.020141,-0.017008,-0.110322,0.074380,-0.147913,0.051286,0.001544,0.289836,-0.006282,-0.008467,-0.097907,-0.155699,0.078227,0.022993,-0.010805,0.215767,-0.082377,0.072866,-0.169715,-0.034905
0.119519,0.084284,-0.187796,-0.050752,-0.095373,0.057168,-0.252871,-0.106184,-0.221981,-0.030975,0.036525,0.108760,-0.076054,-0.135574,-0.111133,0.009787,0.041465,0.055098,0.111902,-0.008245,0.082271,-0.073166,-0.005551,-0.028777,-0.033216,0.064091,-0.010065,-0.136156,-0.011851,0.041159,-0.161045,-0.214566,0.065500,-0.063080,0.019201,0.000765,-0.008704,-0.092814,0.144990,-0.031773,0.077194,-0.025700,-0.057587,-0.062731,-0.225682,-0.007693,0.011012,0.157575,-0.048601,-0.047220,0.176006,-0.071098,0.112895,0.137757,-0.105135,-0.198352,-0.068621,0.063811,-0.009083,-0.135449,0.050633,0.052860,-0.054370,0.092795
0.144841,0.139673,-0.004597,-0.106441,0.077256,0.238689,0.163996,-0.050374,0.051159,-0.037207,-0.050868,-0.077793,0.007684,0.165873,-0.091830,0.161143,0.260494,0.055272,0.199907,-0.103591,0.058743,0.136027,0.161666,-0.053030,-0.017583,0.165144,0.051875,0.005597,-0.111070,0.182767,-0.004300,-0.007386,-0.058569,-0.038212,-0.060768,0.041589,0.044458,-0.012554,-0.040766,-0.037001,-0.005874,-0.006420,0.053679,0.099694,-0.023260,0.037895,-0.078616,-0.204121,-0.114896,-0.064882,-0.007780,-0.121422,0.049108,-0.038146,0.098717,0.017892,-0.140044,0.155895,0.044285,-0.127117,0.147476,-0.086744,-0.184360,0.086579
-0.118802,0.308840,-0.061694,-0.014206,0.068765,0.119685,-0.218395,0.051874,-0.175552,-0.071714,-0.129863,0.030106,-0.049870,-0.091942,-0.048147,0.005456,0.116214,-0.059174,0.036418,0.050001,0.036726,-0.096025,0.112935,0.117758,0.119865,-0.295883,-0.019027,0.077224,-0.094397,-0.038879,-0.102247,-0.029665,-0.105559,-0.010111,-0.012658,-0.181831,0.182442,0.159642,-0.079556,0.087327,0.122047,0.109789,0.050370,-0.029351,-0.135581,-0.243433,0.021071,-0.118599,0.043718,-0.009107,-0.071637,0.044033,0.157094,0.065087,-0.055653,-0.018044,0.015629,0.089588,-0.070190,-0.126115,0.091988,0.093094,0.008054,0.038860
0.145657,0.033167,-0.070707,0.065245,0.085297,-0.004601,-0.051923,-0.109281,0.210744,0.031487,0.064072,0.072773,0.077924,0.026266,0.177914,0.042972,0.082681,0.063699,0.036131,0.066087,-0.108997,0.044363,-0.061853,0.046603,-0.029848,-0.055452,0.086302,0.011593,-0.129209,-0.086652,-0.112719,0.023627,0.211263,0.038152,0.042650,-0.007848,-0.097415,-0.082606,-0.084702,0.052739,0.036351,-0.088483,-0.005857,0.042928,0.041747,-0.212718,0.152768,-0.009076,-0.016247,0.054449,0.027012,-0.170913,-0.162579,0.009520,0.114433,-0.027892,-0.003026,-0.101976,-0.074353,0.012719,0.021694,0.002122,-0.085983,0.058608
-0.021081,-0.017060,0.043765,-0.008101,-0.102160,-0.001762,0.160888,-0.070979,-0.040327,0.107846,-0.133596,0.113975,0.061576,-0.046290,0.039821,-0.027853,0.046721,-0.188116,-0.140874,0.040507,-0.159381,-0.021322,-0.008953,0.006360,0.180782,-0.029428,0.052854,-0.061526,0.015299,-0.123746,-0.049255,-0.134820,0.086661,0.248127,0.145710,-0.057217,-0.050343,0.154715,-0.080467,0.102744,0.051304,-0.193046,0.105352,-0.022170,-0.118571,0.110741,0.113968,-0.028343,0.076618,0.137985,-0.202284,-0.158718,0.281668,-0.088400,0.006052,0.005657,0.164939,-0.115670,-0.013033,0.044229,0.044315,-0.065897,0.103819,-0.130402
0.088008,0.216245,0.106570,0.250031,0.043543,0.291277,-0.129831,-0.044247,-0.062318,0.052724,-0.070711,0.037228,-0.021395,-0.125683,0.134130,0.092887,-0.023029,-0.036933,0.073674,-0.163820,-0.051287,-0.129985,0.054525,-0.138021,-0.145764,0.034425,-0.016369,-0.107574,0.062475,0.164743,0.019017,0.074465,-0.037946,0.144255,-0.023148,0.040583,0.121685,0.118797,-0.094884,0.145715,0.100063,-0.097394,0.105971,0.149841,-0.156715,0.082914,0.171679,0.016323,-0.071451,-0.027070,0.028065,0.062753,0.031034,0.095073,-0.041954,0.021114,0.009581,0.130980,0.025004,0.085130,0.102784,0.019553,-0.099145,-0.057645
-0.137648,-0.199140,-0.087598,-0.030887,0.023647,0.016531,0.077395,-0.171211,0.000915,-0.128558,-0.125002,0.011070,-0.130233,0.000341,-0.063451,0.125630,0.076012,-0.030931,-0.099492,0.078961,0.051655,-0.072567,-0.053887,0.032076,-0.030469,-0.173485,0.041272,0.047026,0.046524,0.015813,-0.068621,-0.224767,0.062675,0.111290,-0.045458,-0.076937,0.050442,0.011704,0.002219,0.054597,-0.206948,-0.001432,0.135909,-0.087968,0.125109,-0.143313,-0.029893,-0.050128,-0.028813,-0.043689,-0.070138,0.176779,-0.231329,-0.019795,-0.028784,0.211973,-0.189086,0.053826,-0.114771,0.087472,-0.042407,0.172331,0.264008,0.094691
-0.148946,0.028143,0.079004,0.106810,-0.078285,0.109906,-0.118170,-0.025455,0.194634,0.072973,0.164270,-0.047671,-0.107027,0.079014,0.170927,0.126536,-0.007734,-0.023284,-0.018387,-0.039338,0.088873,-0.063497,-0.164093,0.017986,0.054187,-0.078693,-0.067026,0.063112,-0.170671,-0.061797,0.092202,0.059559,0.048740,0.084690,-0.008780,0.104622,0.022237,-0.056246,0.000269,0.119820,0.088263,-0.199510,-0.108713,-0.125429,-0.002016,-0.082280,-0.003343,-0.036052,0.114755,0.045652,-0.041632,0.002676,0.095464,0.034992,-0.115724,-0.073973,0.042405,-0.030319,0.173309,0.165571,-0.207632,-0.040757,-0.024552,0.086289
-0.120425,0.173290,0.152203,-0.058475,-0.009169,-0.116167,0.102655,0.018129,-0.100825,0.134690,-0.140997,-0.069231,0.100539,0.126820,-0.078603,-0.116244,0.087990,-0.043627,0.060914,0.115773,-0.082967,-0.038011,-0.090665,0.002282,0.003311,-0.091252,-0.230064,0.081848,-0.071423,-0.142862,0.106516,0.005164,-0.112537,-0.043312,-0.066331,-0.046550,0.066350,-0.015467,-0.010510,-0.011014,0.082051,0.048120,0.123016,-0.039331,0.005001,-0.042648,0.108711,-0.167664,0.029156,-0.101001,-0.080462,-0.219092,-0.219351,0.018868,-0.000494,-0.090905,0.134484,-0.048914,-0.206010,0.029515,-0.116969,-0.102092,0.080687,-0.000143
-0.187980,0.132336,-0.112894,0.094786,0.012210,-0.130687,-0.004008,-0.028597,0.027710,-0.079196,-0.069809,-0.162778,-0.031855,-0.066231,0.170049,-0.234874,0.005139,0.060899,-0.009378,0.046954,-0.169687,0.078913,0.139935,-0.135917,-0.055981,0.118400,0.084930,-0.062254,0.137450,-0.025681,0.080740,-0.150537,0.041024,0.107280,0.069846,-0.120937,-0.070548,-0.006154,-0.146565,-0.031900,-0.173529,0.030131,0.028106,0.053922,0.074361,0.000614,-0.047511,0.057744,0.068216,0.015930,0.104319,-0.198399,-0.028456,0.049313,0.031251,0.153519,-0.111021,-0.278155,0.098702,0.188298,0.209579,-0.173009,-0.041659,-0.011297
0.010412,0.088719,0.003359,0.213891,0.101554,0.098153,-0.162467,0.084832,-0.086465,0.061238,-0.008826,0.073132,-0.020858,0.112297,-0.056981,0.083806,0.043885,-0.038031,0.047235,0.262970,0.088816,-0.033866,0.035494,0.104219,-0.089216,-0.046889,0.001431,-0.076357,0.076337,-0.024720,-0.027350,-0.056861,0.056324,0.103687,-0.011058,0.005699,0.148749,0.034005,0.108273,-0.074936,0.064230,-0.003119,-0.023197,0.035826,0.076433,-0.143333,0.027454,0.040561,0.011674,-0.167651,-0.056290,-0.085446,-0.026885,-0.012194,-0.098673,-0.045375,-0.160188,0.067955,-0.069607,-0.116409,-0.050355,-0.014542,0.074169,-0.056065
0.001090,-0.128283,0.087800,-0.071868,0.012733,0.074426,0.079551,-0.146432,0.065229,-0.075871,0.070018,0.049068,0.013094,-0.082882,0.099460,-0.166020,-0.028696,0.035921,-0.058752,-0.012386,0.114589,-0.220655,-0.077714,0.003585,0.059896,-0.203553,0.151011,-0.110101,-0.089408,0.076808,-0.076833,-0.089764,0.007258,0.061688,0.015325,-0.042185,-0.062957,-0.087327,-0.090462,-0.054755,0.079075,0.041778,0.004711,-0.034685,0.069603,-0.063640,0.104151,0.067066,-0.025903,-0.120502,0.028282,-0.199905,0.142301,0.082854,0.106460,-0.062396,-0.052356,-0.038703,0.019224,-0.100877,-0.023434,-0.140456,-0.104759,-0.099980
-0.060719,-0.049482,0.042394,0.005686,0.073820,0.015556,0.276892,-0.105744,-0.009220,0.146903,0.020247,0.016098,0.009748,-0.113426,0.052997,-0.031520,-0.033210,-0.092459,0.089804,-0.093985,-0.001368,0.086493,0.007731,0.187766,-0.012347,-0.007652,-0.101903,-0.014105,0.023767,0.073950,-0.105613,-0.172372,0.108230,0.118482,-0.178526,-0.065755,0.006516,0.031633,0.097564,0.075300,0.143675,-0.120032,0.043720,-0.117488,-0.031477,0.141062,0.125913,-0.165982,-0.002958,-0.073087,-0.016940,0.055881,-0.146644,-0.055397,-0.142258,-0.094040,-0.076066,0.067681,0.115112,-0.101095,-0.019913,0.125103,0.009742,0.015188
0.109200,0.246101,0.072288,-0.004879,0.110061,0.005316,0.104398,0.049934,-0.178514,-0.060016,0.054647,0.207406,0.045825,0.124952,-0.308428,0.061139,-0.052757,0.140931,0.124245,-0.028938,0.041303,0.046071,0.007682,0.028116,-0.081348,-0.050275,0.146783,0.150410,0.072701,-0.013514,0.161605,-0.042134,-0.025493,-0.079561,0.061673,-0.024784,-0.076927,0.132432,0.037330,-0.105245,-0.107092,0.158227,-0.064104,0.020661,-0.020961,-0.162920,0.061514,-0.010152,0.104984,0.002716,-0.102286,0.000916,-0.083645,-0.109757,-0.022095,-0.021075,-0.204239,0.166925,-0.116184,0.072937,0.095186,0.242694,0.010697,-0.008546
-0.076435,-0.078512,0.041613,-0.147426,-0.066781,-0.096245,-0.008391,-0.010350,-0.045995,-0.052292,0.000513,0.039835,0.017492,0.227059,-0.160214,0.063810,-0.095362,-0.116787,-0.086264,-0.069447,-0.096482,0.024010,0.131877,-0.019867,0.065718,0.114560,-0.104382,0.064721,0.022932,0.194347,-0.049165,0.129126,-0.008827,-0.110423,0.001991,-0.029527,0.038020,0.210346,0.096132,0.206853,-0.171961,-0.219507,-0.110060,0.083285,-0.011991,-0.002911,-0.102111,-0.008061,0.014519,-0.017009,0.003939,0.026010,0.088790,-0.035064,0.069276,-0.003720,0.085608,-0.078667,0.053736,0.047752,0.046027,0.068183,-0.081913,0.085389
-0.034612,0.142684,-0.020379,0.074887,-0.170517,0.194812,0.067290,-0.030309,0.086421,-0.037208,0.015616,-0.030274,-0.023409,0.195745,0.124041,-0.009695,-0.112902,0.050672,-0.028163,-0.106837,0.051018,0.023336,-0.040700,0.144797,0.054229,0.030118,0.032476,0.041288,-0.216902,-0.021433,0.020114,-0.097227,-0.110348,0.085249,-0.022622,0.013398,-0.077021,-0.016309,-0.212258,-0.016420,-0.097212,-0.008732,0.036922,-0.005687,-0.049486,0.055971,-0.052442,0.029064,0.118259,-0.272545,-0.107991,0.067282,0.026200,-0.090780,-0.090077,-0.011039,-0.073177,-0.066879,-0.105379,0.071827,-0.050751,-0.083573,0.193285,-0.069315
0.012018,0.088343,0.001054,-0.014572,-0.042737,0.010506,0.014911,-0.121598,-0.008710,0.065350,0.176612,-0.017771,-0.013716,0.127424,-0.080795,-0.080671,-0.037602,-0.069315,0.128744,-0.089154,0.150035,-0.106570,-0.041527,-0.058132,-0.057927,-0.096839,0.095110,-0.144787,-0.091197,-0.141292,-0.042081,-0.017090,-0.123288,0.001154,-0.165045,-0.052211,0.041210,0.118633,-0.179344,-0.040530,-0.035117,0.047887,0.106189,-0.028002,-0.069702,-0.004130,-0.066113,-0.187292,0.040994,0.014181,0.037577,0.012407,-0.062619,0.133720,-0.093061,0.100587,-0.027981,-0.000929,-0.283566,-0.002975,-0.072939,-0.071039,0.082985,0.008793
0.096626,-0.207382,-0.128612,0.037204,-0.120175,0.161635,0.069774,0.082729,-0.097952,-0.144503,0.063933,-0.042959,-0.001464,0.026668,0.057449,-0.026359,0.030927,0.029946,0.047999,0.166676,-0.112221,-0.036425,-0.000103,-0.140802,-0.037058,0.074332,-0.014607,0.102763,-0.009060,-0.000194,0.035862,0.096776,-0.046299,0.166321,-0.018299,0.210057,0.045552,0.030345,0.172861,0.030805,0.073144,0.044799,-0.008689,-0.030194,0.108573,0.029306,0.023677,-0.038954,-0.015913,-0.013112,0.101416,0.139277,-0.039579,0.012010,-0.022030,-0.063407,-0.131034,0.289000,-0.039945,-0.020825,-0.230896,-0.105154,0.142494,-0.086694
-0.181094,0.038066,0.168186,0.140012,-0.238552,0.204772,0.092171,0.055690,-0.017094,0.025034,-0.386526,0.144891,0.038882,-0.093934,-0.045391,-0.063101,-0.213936,-0.051920,0.099157,-0.233340,-0.053756,0.043177,0.065230,-0.123813,-0.141751,-0.040532,-0.102578,-0.028388,-0.056714,0.090083,0.132182,-0.147898,-0.147784,0.080570,0.067572,0.109856,0.098744,0.070254,0.082145,0.108967,0.079475,0.054434,-0.009649,0.223199,-0.055486,0.068184,-0.040355,-0.060970,-0.126510,0.131169,0.029066,-0.120719,0.039495,-0.040640,-0.083801,-0.026548,-0.024272,0.075399,-0.175271,0.012766,-0.153559,0.049476,0.158373,0.115285
-0.058484,-0.028760,0.082709,-0.079237,-0.005668,-0.064087,0.112457,-0.089673,0.000524,0.078209,0.116292,0.096124,0.005124,-0.112959,-0.073270,-0.049884,-0.003372,0.041687,0.119595,-0.119813,-0.163106,-0.074722,-0.094607,-0.084174,-0.027031,-0.096332,0.049863,-0.058512,0.083456,-0.130757,0.060172,-0.063028,0.153880,0.060162,0.153741,-0.187480,0.224930,-0.169916,0.153938,-0.172690,0.071269,0.034290,-0.034423,0.088391,0.225213,-0.040933,0.130183,-0.025947,0.174094,-0.135119,-0.089320,-0.042766,0.038765,-0.065080,0.132219,-0.058921,0.149744,0.195643,-0.179359,-0.042889,-0.002983,0.005170,-0.026871,-0.042165
-0.063535,-0.100284,0.067555,-0.308437,0.059986,0.044238,-0.054794,0.257788,0.066881,-0.093187,0.170688,0.060618,-0.096930,0.083078,-0.206692,-0.015056,-0.072670,0.065187,0.267624,-0.061126,-0.036227,-0.071942,-0.033935,-0.079294,0.037173,-0.066854,-0.023643,0.049278,0.038977,0.001985,0.018194,0.053443,0.087928,0.213394,-0.122196,0.024517,0.292832,0.114505,-0.197840,-0.151748,0.066036,-0.030721,-0.148980,0.069836,0.050880,0.131330,0.061602,0.029978,0.076369,0.043134,-0.026118,-0.156232,-0.152323,-0.033517,0.228240,0.076829,-0.062891,0.018363,0.104925,0.209144,0.050142,-0.008113,0.076544,-0.057915
0.056827,0.034521,0.086561,0.009674,-0.233028,-0.099801,-0.105892,0.164144,-0.029258,-0.045183,0.069338,-0.021920,-0.041005,-0.013303,-0.018712,-0.304931,0.025265,-0.048105,0.133696,-0.111935,-0.025433,-0.128314,-0.029161,0.014788,-0.004014,-0.128318,0.138841,0.073308,-0.106883,-0.057386,0.025854,-0.155810,0.037641,0.022454,0.038263,-0.051533,0.071760,0.104776,-0.022009,0.093109,0.032621,0.028118,-0.085335,0.034769,0.078764,0.171081,-0.182394,-0.060881,0.136530,-0.052183,0.057794,0.218143,0.077989,0.036617,0.180441,0.136625,-0.056581,-0.133154,0.113653,-0.013581,-0.159023,-0.063972,0.014252,0.060222
-0.106830,0.003339,0.009509,0.015369,-0.015786,0.020852,-0.159757,0.092997,-0.100861,-0.032786,0.053879,-0.055222,0.155875,0.142773,0.207958,0.246127,0.109759,-0.056953,-0.040763,-0.021140,0.168840,-0.027683,0.004340,-0.200899,-0.110973,-0.033468,-0.165722,-0.095526,0.087525,-0.173630,-0.019293,-0.109922,-0.052537,-0.079852,0.002613,-0.070748,-0.010623,0.084166,0.036895,-0.069219,0.101237,0.045898,0.162793,-0.043183,0.187036,-0.023767,-0.068046,0.036228,0.047284,-0.089205,-0.053474,-0.038103,0.051796,0.075378,0.190439,-0.057593,0.009615,0.086740,0.032397,-0.206045,0.121309,-0.029757,0.030165,-0.051332
0.057740,-0.046116,-0.048844,-0.050625,0.171948,0.022419,0.090940,-0.164502,0.147302,-0.036718,-0.011338,0.134592,0.015042,-0.107406,0.132874,0.019167,-0.075948,0.038789,-0.003698,0.261723,0.040475,0.161223,0.051279,0.074828,-0.011434,0.096076,0.002584,0.139185,-0.104162,-0.102657,-0.052906,-0.047508,0.068647,0.056687,-0.001424,-0.131500,-0.137923,0.091863,-0.127415,-0.124268,-0.303616,-0.041518,-0.001112,0.096591,-0.027829,0.148772,-0.064470,-0.168821,-0.007352,0.042588,-0.012546,0.100675,-0.107398,-0.023897,-0.098421,-0.114959,0.022928,0.053726,-0.131976,-0.045511,0.137575,0.049111,-0.035719,-0.202391
-0.010220,0.128963,0.030606,-0.007054,0.117782,0.060871,-0.075247,0.102043,-0.340750,0.150712,-0.065215,-0.017772,-0.121507,-0.031111,-0.091984,-0.006442,-0.064302,-0.066368,-0.011420,0.105469,-0.000852,-0.037081,0.223604,-0.052064,0.139378,0.160578,0.003822,-0.029161,-0.037195,-0.037651,0.052081,-0.064411,0.083957,-0.086091,-0.007773,-0.023637,0.044100,-0.010670,0.007211,-0.033793,-0.080635,-0.025316,0.058288,0.024724,-0.045950,-0.061973,0.024759,-0.056385,0.072275,0.034544,0.028188,0.006861,0.144273,-0.114167,0.093725,0.005107,-0.158862,0.072797,0.106348,0.060049,0.052335,0.021823,0.131741,-0.071507
0.025670,0.011898,0.006476,0.004909,-0.041871,-0.003563,-0.135611,0.152450,-0.119938,-0.080163,-0.152317,-0.126508,0.175771,-0.043073,-0.108284,0.124779,0.024889,0.059490,-0.078506,0.002438,0.121403,-0.013546,0.033379,0.028309,0.073042,-0.048248,0.023731,0.026260,-0.040578,0.118947,-0.170492,-0.044490,0.232639,0.207305,-0.051486,0.031167,-0.083052,-0.047590,-0.230455,0.180745,-0.024922,-0.000802,-0.003078,-0.009266,0.025014,0.057607,-0.075177,0.093424,-0.061160,-0.060556,0.027553,-0.037775,-0.037507,0.022685,0.078232,0.117842,-0.048925,0.031970,0.018001,0.061115,0.106557,-0.032267,0.028727,0.059751
0.096978,-0.048946,-0.062003,-0.006152,0.025359,0.024508,-0.161294,0.091358,-0.181042,0.023748,0.040833,0.001525,-0.028332,0.104208,-0.076085,0.073648,0.068723,-0.065239,-0.012629,-0.055608,-0.113413,0.027686,0.032316,0.031760,-0.061915,-0.031074,-0.070461,-0.072541,0.092503,0.147770,0.046955,-0.131353,-0.089526,-0.116617,-0.124109,0.067978,0.055786,0.213610,-0.163314,0.053632,-0.107082,0.025928,0.158501,0.021955,0.064105,0.133561,0.172826,-0.033892,0.125142,0.066265,0.083077,-0.095322,-0.122057,0.058478,0.043414,0.104695,-0.062942,-0.009800,0.056737,-0.091174,0.000766,-0.137055,-0.085865,-0.136604
-0.034194,-0.019061,-0.063332,-0.060117,0.002224,0.136562,-0.092504,-0.094562,0.054475,-0.047652,0.017329,0.022127,0.103011,0.002670,-0.115918,0.128133,0.088923,0.083818,-0.086041,0.049544,0.100238,-0.122380,-0.101808,0.165801,-0.048296,-0.014618,0.071861,-0.014493,-0.112980,-0.153935,-0.076702,0.033784,0.018811,0.017144,-0.098276,-0.069399,-0.050289,0.097367,-0.027826,-0.075617,0.035245,-0.082830,-0.131852,-0.136673,-0.131659,0.118413,-0.096159,0.097576,0.050820,-0.157916,-0.083906,0.017235,0.037466,0.136300,-0.077735,0.004947,-0.041398,0.014720,0.156360,0.154858,-0.186061,0.014622,0.231540,-0.023148
-0.030209,0.095113,-0.140043,-0.002961,0.124536,-0.049546,0.042223,0.194876,-0.001248,0.079026,0.020862,0.176658,-0.042899,-0.148039,-0.056018,-0.033785,-0.091153,-0.043470,-0.059581,-0.044311,0.036181,-0.022438,-0.114540,-0.029773,0.077143,0.078339,0.035824,0.014448,-0.233853,0.039690,0.177958,-0.011337,0.080895,0.074053,0.004096,-0.129838,0.055465,0.019098,-0.065311,-0.107836,-0.086088,0.105113,-0.095516,0.006032,0.031035,-0.063980,0.056037,-0.027170,0.078403,-0.064525,0.206211,0.007394,-0.005821,0.045859,-0.133689,-0.251413,0.035435,0.098734,0.083768,-0.092645,0.083611,-0.112770,0.158314,0.101084
-0.138118,0.097990,0.083417,-0.058975,0.152417,0.078304,0.051814,-0.099308,-0.065370,0.168397,-0.028050,-0.176315,0.068793,0.025714,-0.030363,0.088168,-0.056600,-0.130559,0.280609,0.062710,-0.001056,0.059079,-0.049919,0.005113,-0.001398,-0.067724,-0.122675,-0.173737,-0.127335,0.007033,0.076192,-0.040248,-0.236244,-0.142112,-0.202310,-0.111903,0.062204,-0.199233,-0.108879,-0.077729,0.147005,0.088642,-0.009841,0.149641,-0.068844,-0.034986,-0.003808,0.063213,-0.022823,0.001620,-0.023627,0.131700,-0.013154,0.005467,0.184528,0.129826,0.030811,-0.135274,0.006398,-0.128767,0.150529,0.186681,0.091311,0.041049
0.023765,0.058502,0.029555,0.090309,0.017735,0.098604,-0.032953,0.201656,0.059341,-0.041997,-0.127394,0.009114,0.110882,-0.190592,0.053621,-0.010579,0.001717,-0.107205,0.012275,0.025236,-0.187050,-0.120640,0.075513,0.028256,0.096621,0.030443,0.007642,-0.116991,0.068158,0.168290,0.063535,-0.162175,-0.025376,0.076423,0.090664,0.065747,-0.014287,-0.027241,0.034494,0.203787,-0.044199,0.059868,-0.100133,-0.001746,-0.028015,0.059907,0.083244,0.064248,-0.070534,-0.186289,-0.036618,0.013627,-0.158363,0.180570,0.159226,-0.004978,-0.198229,-0.053667,0.024683,0.171509,0.246498,0.051561,-0.087214,0.012270
0.028385,0.137708,-0.065841,-0.171440,-0.018164,-0.143537,-0.086060,0.097444,0.064449,-0.258701,0.048356,-0.060343,-0.023365,-0.029380,-0.140779,0.079134,0.051202,-0.119782,-0.054300,-0.150729,-0.009949,-0.120367,0.039234,-0.096990,-0.085425,0.393822,-0.132850,0.076701,0.198255,-0.126763,-0.074497,0.089767,-0.229291,0.096864,0.096683,-0.097612,-0.065202,-0.104970,-0.002549,0.039703,0.048207,-0.147099,-0.069728,-0.144985,0.196681,0.075175,-0.031409,0.017504,0.015897,0.045313,0.070897,-0.196605,0.125205,-0.028588,0.177471,-0.024427,-0.149029,-0.035489,0.202344,0.007907,0.024282,-0.064771,-0.138076,0.088407
-0.085055,-0.075235,-0.001502,-0.140788,0.037674,-0.135958,-0.040515,0.057177,-0.050605,0.075253,-0.011900,0.019056,0.007691,0.071115,0.117529,-0.054805,0.027468,-0.026302,-0.041090,-0.059554,0.068770,-0.054449,0.114804,-0.129200,0.095580,0.044006,0.024988,0.013542,0.055841,0.122587,-0.270137,0.147104,-0.000908,0.089550,0.008510,-0.112328,0.005119,-0.096916,-0.039022,0.118936,-0.032295,-0.094859,0.103163,0.037581,0.025091,-0.060146,0.009118,-0.006895,-0.136988,0.204362,-0.247963,0.049491,0.183409,0.053723,-0.020039,-0.072886,0.084977,0.001526,-0.048584,0.069989,-0.064170,0.059599,0.040500,-0.128815
0.060277,0.085310,0.096409,-0.074414,-0.147277,0.117436,-0.022330,0.069600,0.064391,0.049699,0.035381,0.003415,-0.088495,0.006439,0.003848,0.004743,0.036290,0.027307,0.061289,-0.055519,-0.144797,0.044326,0.073113,-0.016768,0.063677,0.071119,0.054281,-0.093135,0.131686,0.033548,0.248531,0.077441,-0.116148,-0.113259,-0.004880,-0.018991,0.099439,-0.111495,0.045888,0.042258,0.090389,-0.069058,-0.141523,-0.066930,-0.040524,0.237920,0.068200,-0.011825,0.044496,0.023358,0.001219,-0.033716,-0.094205,0.014430,-0.029991,0.058047,-0.025129,0.115091,0.088974,0.102715,0.150059,-0.109383,0.120540,-0.122540
-0.063794,0.018294,0.004141,0.011016,-0.034666,0.131585,0.104088,0.131836,-0.070721,-0.220962,0.131142,0.190073,0.145124,-0.196066,-0.121788,0.051250,-0.021668,-0.077568,-0.074225,0.142081,-0.071116,-0.013600,0.043610,-0.107615,0.095447,-0.067521,0.114080,0.021497,0.065668,-0.030087,0.016740,0.062788,0.076241,-0.092860,-0.053457,-0.053107,0.307799,-0.079308,-0.156275,0.096721,-0.082756,0.055019,-0.114388,-0.012776,-0.072297,0.124666,-0.083399,-0.132303,0.042788,0.126911,0.005799,0.125513,-0.196317,0.037049,-0.006548,-0.112774,0.050684,-0.088286,-0.099359,0.010232,-0.056805,0.213795,0.080562,0.054937
-0.036654,0.079938,-0.012750,0.058908,0.092725,-0.000737,-0.019767,-0.221442,0.038755,0.166468,0.097751,-0.066417,0.040291,0.059417,-0.031977,0.080029,0.040084,-0.042934,-0.033824,-0.118631,-0.059296,0.143382,0.009798,-0.061572,0.071341,0.226803,-0.033715,0.132450,-0.131486,-0.214480,0.123932,0.060294,0.128952,0.180929,0.099277,-0.028547,-0.231766,-0.119937,-0.082469,0.126654,0.001991,-0.266551,0.168452,0.045339,-0.069165,0.004262,0.057263,0.000724,0.067418,0.144838,-0.020533,-0.307217,0.173039,-0.038930,0.050825,0.035153,-0.040808,-0.069655,-0.045497,-0.042122,-0.009728,0.014692,0.043854,0.029994
-0.157735,-0.059294,-0.186953,0.074664,0.063427,0.068488,-0.064394,-0.031098,0.095707,0.080693,0.012767,-0.013988,-0.028408,-0.033749,-0.031165,-0.016429,-0.035898,-0.005292,-0.117672,-0.081646,0.065726,0.160357,-0.095072,-0.183666,-0.026496,-0.136721,-0.156405,0.001334,-0.129338,-0.125808,-0.190331,-0.073848,-0.018564,0.091763,-0.173400,-0.071548,0.094905,0.078328,0.092545,0.004782,0.156662,0.088666,-0.001948,0.011860,0.093006,0.087182,-0.001362,0.154156,0.096842,-0.037512,0.132188,-0.047931,-0.148312,0.144241,-0.100436,-0.001802,-0.028551,0.002492,-0.211853,-0.101121,0.059876,-0.073601,0.156829,0.091305
-0.009857,0.042752,0.041292,-0.024361,-0.058709,-0.070679,-0.059865,0.043306,-0.079542,0.048650,-0.162020,0.081040,0.116559,0.123427,0.160833,-0.155030,0.036645,-0.023695,0.010681,0.015518,0.125435,-0.058965,0.295143,-0.115535,0.199538,-0.096128,-0.128546,0.118973,0.179669,-0.076786,-0.309569,-0.183281,0.134017,-0.038957,-0.114212,-0.168132,-0.035786,-0.013039,-0.017533,-0.049957,0.011078,0.056787,0.021822,0.050601,-0.248327,0.129718,0.118158,-0.051157,0.192208,0.046177,0.036581,0.058744,-0.112344,-0.192537,-0.106128,0.027236,-0.028807,0.031827,0.017414,0.048337,-0.055647,0.008459,0.044537,-0.073271
0.022063,0.060420,0.131980,-0.048441,0.032232,0.033799,-0.083582,-0.038913,0.053300,-0.155227,-0.039337,0.135777,-0.016903,0.029893,0.033470,-0.098514,-0.065290,-0.140046,0.115393,-0.019858,0.004118,0.176971,-0.043271,-0.047096,0.033081,0.270965,0.009218,0.120695,0.226213,-0.132403,-0.117602,0.039529,-0.032267,-0.021098,0.065247,0.004862,0.117352,-0.105531,-0.052521,0.280545,0.062252,0.182895,0.106445,-0.029019,0.129884,0.027803,0.017081,0.128111,-0.028847,-0.148640,-0.019993,-0.078785,0.002819,-0.003285,-0.007863,0.005599,0.026936,0.033825,-0.069364,0.041325,0.060401,-0.231055,-0.235543,0.036466
0.212644,0.122734,0.031302,0.109113,-0.052268,-0.021115,0.033017,-0.020025,0.032166,-0.198775,0.093987,0.005913,-0.160728,-0.127885,0.017416,0.033402,0.143861,0.067100,-0.243908,0.144442,0.220939,-0.015272,-0.002131,0.057586,-0.058462,-0.082420,0.157010,-0.151661,-0.166930,0.212320,0.118747,-0.001717,0.055530,0.254442,-0.079446,0.269026,0.054141,-0.003907,0.023989,-0.042253,0.213616,-0.077648,0.068753,0.065578,0.023571,0.035901,0.051030,0.180782,0.015793,-0.101805,-0.059290,0.059927,0.008234,-0.006999,0.066559,-0.034279,-0.065770,0.094874,0.069839,-0.175176,-0.092100,0.146194,-0.142395,-0.101362
-0.013323,0.041500,0.064750,0.027805,-0.081107,0.093866,-0.038739,-0.078266,-0.140902,0.049417,-0.044109,-0.093111,-0.017319,0.063723,0.207252,0.121218,0.201508,0.124527,-0.126833,0.072701,0.018779,-0.056081,0.129789,-0.066194,0.110008,0.140526,-0.019909,-0.115464,-0.039688,-0.108217,0.062688,0.015890,0.025868,-0.043591,-0.086007,0.027420,-0.093651,0.047418,-0.007356,-0.096585,0.004014,0.066039,0.124260,-0.059360,-0.161840,0.070731,0.085541,-0.049912,-0.232696,-0.108706,-0.150570,0.010084,-0.060055,-0.037756,-0.050263,-0.200056,-0.147348,-0.013864,0.059449,0.050111,-0.073091,-0.187402,-0.088178,-0.172955
-0.042160,-0.060602,0.240362,-0.028199,-0.095743,-0.003235,0.086835,0.216215,0.000079,0.010202,-0.138367,0.043997,-0.092680,-0.006496,-0.058380,0.247268,-0.121682,-0.146543,0.006041,-0.048654,0.175004,-0.021727,0.101093,0.117069,-0.096140,0.009007,0.150330,-0.018778,-0.016289,0.081031,0.144058,0.180718,-0.025506,0.001421,-0.030286,0.171193,0.156219,-0.082203,0.045474,-0.059187,0.062704,0.055159,0.116362,-0.073350,-0.118212,0.186990,-0.044904,-0.011111,-0.081628,-0.044693,0.147931,0.163919,0.019088,-0.080098,0.042953,-0.108178,0.136990,0.010800,-0.005501,0.105252,-0.190648,0.034901,-0.090949,0.072063
-0.019523,0.030819,-0.034077,0.021207,-0.034970,-0.038089,0.169263,-0.021368,0.222344,-0.297951,-0.015118,-0.012820,-0.156435,-0.074106,0.030538,0.060696,-0.054813,-0.097255,-0.096436,-0.046686,-0.107141,0.004292,0.086350,0.088798,-0.032397,0.074602,0.060052,-0.004110,-0.144300,0.045354,-0.059903,0.058200,-0.028473,0.208187,-0.095754,0.027490,-0.170994,-0.106997,-0.056531,0.073024,0.135482,-0.168638,0.048099,0.049527,-0.071272,0.190385,0.005389,-0.093021,0.040816,-0.222583,0.159320,-0.031383,0.152146,0.001076,0.116242,0.036010,0.048831,0.126911,0.014014,0.079417,0.157073,-0.007705,-0.039109,0.078784
-0.029381,0.176877,-0.015481,0.131981,0.157333,0.163377,0.021862,0.151604,-0.045734,0.008206,0.012406,-0.013944,-0.012503,-0.112310,0.154202,0.045232,-0.119989,0.129327,-0.043201,-0.036313,0.002958,-0.046681,-0.080003,-0.083219,0.099313,-0.046621,0.057537,-0.104549,0.004599,-0.050778,0.008733,0.097092,-0.197847,0.046210,-0.050704,0.281579,-0.107555,0.152593,0.036160,-0.161720,-0.225194,-0.132409,-0.142904,0.119081,-0.025859,0.068064,0.161728,0.095699,0.022810,-0.029161,-0.036561,0.015190,-0.031041,0.001145,0.040647,-0.147129,-0.055878,-0.102408,-0.048656,-0.001855,-0.050634,0.242804,0.115664,0.083290
0.034765,0.041729,-0.239256,0.133321,0.042973,0.213792,-0.044021,-0.100945,-0.085723,-0.003288,-0.066674,-0.183581,0.071770,-0.054677,0.009952,0.110877,0.140156,-0.107021,0.092467,-0.072581,-0.263775,0.038299,-0.097562,-0.047706,0.101983,-0.058288,-0.093062,-0.077266,0.094626,0.057199,0.090335,0.025687,-0.151321,0.005733,0.158220,-0.188163,0.057020,0.011990,0.093968,0.112962,-0.123027,0.101522,0.120092,-0.029569,-0.093763,-0.025003,0.041349,0.036244,-0.037911,-0.076953,-0.023578,0.009392,-0.095455,-0.035375,-0.025985,-0.057456,-0.096094,0.136450,-0.164370,-0.096985,-0.156754,0.147815,-0.100199,-0.108099
0.127726,-0.079073,-0.260599,0.200229,0.054486,-0.017141,-0.186622,-0.050971,-0.152478,0.009190,0.014417,-0.094520,0.089290,-0.054715,0.129454,0.146497,0.009908,-0.016381,-0.163626,-0.044140,-0.008294,-0.005841,-0.040325,0.019781,-0.020747,-0.018915,-0.063461,-0.066110,0.073035,-0.102076,0.174958,0.168445,-0.155659,-0.216189,-0.107259,-0.058985,-0.002574,-0.040887,-0.102534,0.067968,0.076794,-0.033556,0.084229,0.069661,-0.153786,0.070715,0.005112,0.220180,0.137815,-0.039503,0.011095,-0.081609,-0.012046,-0.099307,0.221978,0.032883,-0.092687,-0.060005,0.043200,-0.000883,-0.091697,0.057987,0.040032,-0.064046
0.028610,0.152090,-0.049803,0.015045,-0.297993,0.036689,0.041218,-0.079331,-0.066966,0.127907,-0.099674,-0.055996,0.041379,-0.105956,0.091491,0.045610,-0.023122,0.089535,0.095826,-0.119654,-0.124634,0.167564,0.064395,0.010339,0.050147,-0.153322,-0.013681,0.026130,0.027563,0.034819,0.050195,0.033482,0.175576,0.074036,-0.082380,0.089145,0.114460,0.071651,-0.182692,0.134315,0.080423,-0.138297,-0.066778,-0.003299,-0.017169,-0.129355,-0.091970,-0.103606,0.161041,-0.053730,-0.076608,-0.065377,-0.110609,0.041734,-0.022524,0.091865,-0.029127,0.110835,0.011867,-0.042570,-0.208439,0.006149,0.041894,-0.084908
-0.124877,0.018099,-0.149097,-0.038398,0.085789,-0.004462,-0.001788,0.012031,0.169514,-0.113558,-0.039273,0.304568,-0.021151,0.069015,-0.132498,-0.062984,-0.095428,0.066580,-0.155830,-0.134997,0.004221,0.255206,0.185268,0.189878,0.007643,0.054364,-0.216957,0.125088,0.100645,-0.077817,0.079467,-0.052660,-0.121571,0.028845,0.108057,-0.039442,-0.179034,-0.078643,-0.013344,-0.055650,-0.073789,0.186327,-0.033465,-0.012408,-0.156862,0.020783,-0.060930,-0.015480,0.047182,-0.000618,-0.096036,0.060332,0.147103,0.135115,0.174293,-0.042954,0.014775,0.122045,-0.173841,0.048524,-0.202724,-0.064726,-0.028171,-0.090193
0.137571,-0.059737,-0.091838,0.033842,0.051879,-0.150424,0.157259,-0.184513,0.140787,0.031600,0.003220,-0.062416,-0.099484,0.061285,-0.026566,-0.018580,0.188665,0.039586,0.101198,-0.050244,-0.050981,0.008235,-0.122549,-0.146453,-0.069726,-0.007098,0.020767,0.040774,-0.104641,-0.116071,0.132612,0.099711,-0.070815,0.038554,-0.148719,0.005600,0.193584,-0.046618,0.045041,0.005976,-0.021710,0.131886,0.030074,0.180573,0.134927,0.035502,-0.141155,-0.063045,-0.074447,0.054187,0.079901,-0.054005,-0.035874,-0.141932,0.135081,-0.036495,0.006667,-0.215221,0.009625,-0.038025,-0.113149,-0.090883,-0.153167,0.026142
0.019358,-0.145602,-0.034566,0.052455,-0.059298,0.279429,0.114459,0.127052,-0.134103,0.099741,-0.019433,0.152681,-0.219258,-0.181010,-0.082630,0.032058,0.023066,-0.121449,0.076355,0.043867,-0.045465,-0.029456,-0.023409,-0.150433,0.101864,-0.122494,0.142162,0.028175,0.117208,-0.005899,0.150555,0.084373,-0.031053,-0.007274,0.080247,0.114418,0.056888,-0.050486,0.135338,0.052401,0.158964,-0.009226,-0.028065,-0.036936,0.024807,-0.001460,0.047550,-0.071087,0.056528,-0.072013,-0.098797,-0.032692,0.123350,-0.133593,0.221924,0.098162,-0.140861,-0.074729,0.000274,-0.115131,0.027016,0.102344,0.043061,-0.150378
-0.057612,-0.073328,-0.067943,-0.098646,-0.055378,-0.104205,0.099322,-0.169048,-0.018616,0.008363,0.012705,0.141918,0.023396,-0.092017,0.051714,0.175726,-0.006658,0.011518,-0.010311,-0.182944,-0.015623,0.007373,-0.196562,-0.128041,-0.014462,0.005948,-0.049200,-0.154232,0.228585,0.151365,0.066220,-0.063922,0.095479,0.037193,-0.174028,0.167695,0.024794,0.055939,0.205020,0.106670,0.060080,-0.049322,0.208567,0.173884,0.040156,0.147315,-0.018526,-0.118080,-0.094647,0.007688,-0.006406,0.010690,0.109125,0.044080,0.056702,-0.026306,0.110397,-0.112570,-0.065924,-0.030274,-0.052932,0.020105,0.199415,-0.019211
0.022253,-0.109442,-0.006020,0.089897,0.125224,-0.019754,-0.015033,-0.163188,0.111583,-0.260859,0.002964,-0.078542,-0.110757,-0.128087,-0.016520,-0.016890,0.060104,0.080947,0.135364,0.185512,0.113837,-0.078808,0.001013,0.182842,0.096270,-0.109761,0.124725,-0.072380,0.097000,0.126347,0.036710,0.263069,-0.022004,0.000108,0.046967,0.109200,0.055903,0.055228,-0.031145,0.143970,0.076079,0.160308,-0.073704,-0.055552,0.036318,-0.028071,-0.029931,0.027558,0.049883,-0.107591,0.181313,0.000827,0.110185,0.009311,0.089578,-0.133367,-0.044450,0.076748,0.141766,0.141846,0.141155,0.111149,0.136744,-0.190701
0.058043,-0.001579,0.061894,-0.121808,0.027200,0.238210,-0.165364,0.115039,-0.053398,0.025095,-0.061241,-0.028909,0.027413,0.090004,-0.140263,-0.068603,0.015500,0.199080,0.068552,0.028026,-0.196727,-0.021769,0.113482,0.056750,0.128300,-0.013813,-0.156281,0.034451,-0.078531,-0.128456,0.142198,0.141329,0.041775,0.163463,-0.002761,-0.182706,-0.005267,-0.044747,0.095588,0.047229,0.155218,0.039928,-0.085238,0.061098,0.032543,-0.037263,-0.090397,0.044943,0.178274,-0.228583,-0.042075,-0.000345,0.109432,0.074453,-0.139506,0.096582,-0.018122,-0.021423,0.190456,0.069046,-0.043918,0.015743,-0.072263,0.029383
-0.049825,-0.169670,0.099813,-0.107434,-0.089390,0.007112,0.031502,-0.012908,0.281098,0.007338,0.013616,-0.056948,-0.024030,-0.034009,0.055387,-0.146294,-0.163010,0.213384,0.002415,-0.001495,-0.115929,0.021312,-0.089561,-0.011229,0.142956,0.043639,0.002042,0.138482,-0.053798,-0.014892,-0.178964,-0.238101,0.048680,-0.023450,0.011070,-0.013933,-0.020123,0.057790,0.083318,0.091877,-0.020426,-0.087971,0.025486,0.151240,-0.109666,0.033789,0.019225,-0.060781,-0.017367,-0.063306,-0.168611,-0.090576,-0.151607,0.018356,0.036835,0.118349,0.015662,-0.122198,-0.010464,0.058476,-0.035086,-0.176741,-0.005579,0.090078
0.211923,0.135266,-0.209722,0.084846,0.062643,0.083552,-0.080724,-0.027528,0.068161,-0.068433,0.125717,0.137900,0.042472,-0.035059,-0.048769,-0.154718,0.071107,0.075086,-0.056435,0.048464,-0.053477,-0.015933,-0.003938,-0.098317,-0.002671,-0.031673,0.153956,-0.165597,0.093194,-0.093824,-0.167959,0.133894,0.097337,-0.030271,-0.037842,-0.000191,-0.021855,0.002199,0.092238,-0.065165,-0.046280,0.178073,0.209216,-0.054285,0.074947,0.030325,0.009567,0.122676,0.097265,0.083539,-0.030725,-0.002253,0.020900,0.051074,-0.064026,-0.027517,-0.069541,0.110802,-0.005630,0.021703,-0.094495,-0.049333,0.160121,-0.147397
0.034785,0.153200,0.157329,-0.124795,-0.038293,-0.040316,0.135607,0.201210,-0.159106,-0.023644,-0.025688,0.024452,-0.032508,0.000159,0.016833,0.075249,-0.037809,0.066798,-0.011984,-0.035038,-0.035645,-0.000571,0.038468,-0.229817,-0.275634,-0.092857,0.133261,0.076334,0.102048,0.110396,0.039478,-0.043110,-0.148023,-0.086994,-0.062192,0.051443,-0.003290,-0.007534,-0.014610,-0.022581,-0.154170,-0.126352,-0.087941,0.010782,-0.160687,-0.139173,-0.102334,0.123995,0.021738,0.000867,-0.165789,-0.030539,-0.042028,-0.200790,-0.000248,-0.012192,0.020966,0.015526,0.045535,0.161592,-0.181780,-0.152439,0.172638,-0.062910
-0.126785,0.095782,-0.030108,-0.045114,-0.093049,0.199729,-0.275517,-0.012079,-0.001309,0.168118,-0.014132,0.021245,-0.039244,-0.061948,0.214174,-0.114998,0.073653,0.015491,0.107516,0.010669,0.057202,-0.123918,-0.147972,-0.005794,0.066789,-0.071548,-0.037241,0.059994,-0.042377,0.015599,0.089008,0.000868,0.127871,-0.079944,-0.005021,0.057442,0.005860,-0.076871,-0.107596,0.060054,-0.149323,-0.080632,-0.056429,-0.159669,-0.043528,0.010198,0.171365,-0.070852,0.049197,-0.083676,-0.140814,-0.170815,-0.052660,-0.021941,0.084375,-0.014959,0.003112,-0.048059,-0.140501,0.100523,0.012878,0.011824,0.052492,0.059899
-0.111572,0.171230,0.028313,0.072176,0.072406,-0.177728,0.136956,-0.080214,-0.105576,-0.150932,0.136573,0.017535,0.036992,0.023595,-0.114625,0.016918,0.026535,0.197467,-0.171800,-0.058954,-0.060296,-0.139069,-0.034312,0.220894,-0.117443,0.173007,-0.088596,0.123129,-0.138650,0.000002,-0.114184,-0.108179,-0.079161,-0.029620,-0.059152,-0.262827,-0.134161,0.001603,-0.098876,0.121034,0.155248,-0.012864,-0.080884,0.035707,-0.053630,-0.086565,-0.052353,0.110380,-0.107024,0.249786,0.142455,0.100825,-0.058052,0.043163,-0.091831,0.093565,0.042264,0.057056,-0.055488,0.106257,0.186447,0.165504,0.149607,-0.078126
-0.044348,0.165063,0.120040,0.002366,0.077374,0.061976,0.242157,0.054478,-0.155141,0.022054,0.015150,0.039068,-0.056736,0.199561,0.262743,-0.071786,-0.038921,-0.055429,0.018510,0.080048,0.048604,0.180533,-0.021055,0.107804,0.124156,0.019525,-0.032767,-0.029517,0.102701,-0.121595,0.050534,0.125798,0.029499,0.117782,0.057862,0.122039,-0.038514,-0.000167,-0.005415,-0.012370,-0.079588,0.040397,0.010900,-0.123626,-0.130797,-0.173822,-0.000895,-0.003530,-0.073890,0.087275,-0.131656,0.096846,0.066469,0.018948,-0.014490,0.030288,0.042605,0.003846,0.073706,-0.064456,0.052127,0.005455,0.075241,0.130908
-0.055062,0.007392,-0.179224,0.051624,-0.048493,-0.039347,-0.045947,0.008819,-0.031953,-0.006286,0.051951,0.018187,0.036098,-0.051277,-0.108784,0.075714,0.083213,-0.020897,0.027604,0.014748,-0.088306,0.034398,-0.038004,0.026427,-0.248486,0.135070,-0.009590,-0.018314,0.084161,0.000525,0.057332,-0.111485,0.088582,0.143266,-0.057468,0.098214,0.076185,0.051304,0.089264,-0.004715,0.071061,0.012079,0.101344,-0.149101,0.047365,-0.042739,-0.135075,0.049860,0.106506,0.060183,0.016580,-0.022041,0.015879,-0.066285,0.033444,-0.129592,-0.062870,-0.032545,-0.136661,-0.019905,0.215039,0.030179,-0.127208,0.118419
0.078043,0.067804,0.075223,-0.080074,0.059896,0.080909,0.072689,0.040747,-0.109775,-0.132696,0.066375,0.045558,-0.054208,-0.096641,-0.095399,-0.029658,-0.020827,-0.052483,-0.065569,0.099143,0.094936,-0.049783,-0.047593,-0.009282,-0.093451,0.028040,0.164085,-0.115651,-0.003043,-0.118682,-0.036181,-0.146124,0.047187,0.025708,-0.064080,-0.084578,0.078703,-0.159385,-0.119035,-0.261057,0.172185,0.201273,0.018152,-0.055018,0.257752,0.017443,-0.115765,0.033511,0.002175,0.006825,-0.052124,-0.009926,0.051678,-0.156459,-0.098710,-0.000963,0.092820,-0.033665,-0.009725,-0.038971,-0.100191,0.096939,-0.080873,-0.053469
-0.018622,-0.183473,-0.089997,-0.108026,0.035030,0.038206,0.055598,0.069535,0.063417,0.065093,-0.112460,-0.026793,-0.059167,-0.054374,0.214564,-0.070474,0.020341,-0.023081,-0.092704,-0.097246,-0.134473,-0.125927,0.111700,-0.047391,0.015993,-0.021505,-0.089763,-0.131199,0.029013,0.008014,-0.099376,-0.121025,0.055807,0.087019,0.120112,-0.023105,-0.047607,-0.086646,0.013311,0.118581,-0.187872,-0.002855,-0.096087,-0.091319,0.060042,-0.039698,-0.033431,-0.035248,-0.120162,-0.089010,0.102923,0.013215,0.166957,0.007985,0.092517,0.035924,-0.005743,0.115045,0.085445,0.057078,-0.016356,0.039950,0.089040,0.044832
-0.145931,-0.101408,-0.169832,-0.075981,0.064238,0.021761,0.014634,0.097136,0.111394,-0.003669,0.005343,-0.239813,0.097062,-0.010639,0.080523,-0.093815,0.182125,0.084162,0.045405,0.051774,0.126565,0.094613,-0.028372,0.107634,-0.018954,-0.030852,0.243578,-0.180184,-0.124474,0.163219,-0.010404,0.009767,-0.182801,-0.089890,0.008560,-0.215692,-0.034746,0.203344,0.045685,0.095869,-0.098570,-0.168539,0.072844,0.063118,0.097824,-0.010269,0.073104,0.088656,-0.007312,0.074747,-0.047162,0.035078,-0.024422,-0.151039,-0.027211,-0.002973,0.038190,-0.014703,0.044602,-0.075413,0.119038,0.114378,-0.126334,-0.025695
0.106755,0.021616,-0.061114,0.079123,0.089749,0.033661,0.108867,-0.113232,-0.092034,-0.002806,0.103666,-0.106975,0.140880,0.085566,-0.114025,-0.014612,-0.039064,-0.083689,-0.125065,0.161792,-0.147936,-0.041513,0.221519,0.048920,-0.006620,0.196285,-0.031326,0.061443,-0.029111,-0.062554,0.006997,-0.105283,-0.162683,0.021305,-0.037395,-0.064961,-0.001843,-0.099220,-0.070280,-0.102199,-0.010613,-0.085537,0.012724,-0.019339,0.075722,-0.048029,0.021873,0.185550,0.050790,0.138380,0.038064,0.009338,0.165657,0.024859,-0.005620,-0.013920,-0.137734,0.037302,-0.008698,-0.096713,0.077192,-0.254284,0.030376,-0.072009
-0.119866,-0.001423,0.067861,-0.194942,-0.023329,0.123389,-0.060742,0.068095,0.108714,-0.071881,-0.106612,-0.191128,-0.014267,-0.020407,0.110138,0.143725,0.046665,-0.028742,0.099019,-0.073261,-0.023267,0.118938,0.046119,-0.059458,0.125136,0.283961,0.003940,-0.070657,0.065580,-0.022194,-0.022066,-0.140465,0.030803,0.070247,0.046563,0.067386,-0.074289,0.025850,0.162776,0.040910,-0.069302,0.057663,0.027031,0.022157,-0.065713,0.066435,-0.111718,0.168485,-0.072885,0.101754,0.087563,-0.151196,0.111694,-0.003218,0.012511,0.151388,0.115659,0.041581,0.059151,0.136481,-0.016000,0.099318,-0.131953,-0.112519
-0.018378,-0.071492,-0.097973,-0.150863,-0.020966,0.119569,-0.031181,0.014531,-0.086120,-0.049874,0.050785,-0.012496,0.139621,-0.165034,0.121120,-0.102237,-0.039280,0.050914,-0.017178,0.046015,-0.047131,0.234056,-0.027890,0.047600,0.033671,0.006217,0.109144,-0.023457,0.020565,0.130855,-0.240650,-0.023288,-0.004686,-0.078244,-0.121134,-0.062565,-0.037957,0.132213,0.102896,-0.060190,0.010288,0.017111,-0.061009,0.142287,0.029732,0.009806,-0.068321,-0.037540,0.016901,0.007095,-0.034986,-0.040267,0.057951,-0.082643,0.064532,-0.012047,-0.219236,0.084089,0.174944,0.035913,-0.036547,-0.060475,0.055048,-0.100202
0.189326,-0.017821,0.046142,0.082432,0.129290,0.094979,0.061830,-0.145630,-0.162950,0.032142,0.031328,-0.016395,-0.082478,0.084465,-0.055771,-0.041731,-0.070160,-0.117298,0.101955,0.016990,-0.224695,-0.019844,0.095220,0.081498,-0.007941,-0.152497,-0.140474,0.017539,-0.105395,-0.215343,-0.034647,-0.032928,0.048993,-0.235622,0.100116,0.118444,-0.130127,-0.077413,-0.018887,-0.191593,-0.001804,-0.074147,-0.115408,-0.059334,0.158720,0.019225,-0.017851,0.022961,0.062727,0.092511,0.031930,0.036206,-0.103116,0.114246,0.066621,0.037772,0.051277,-0.092611,0.090247,0.056966,-0.068252,-0.009578,-0.235136,0.109874
-0.150955,-0.091387,0.016706,-0.152912,0.155082,0.076781,-0.000503,0.058722,-0.080253,-0.054780,-0.004737,-0.026625,-0.139177,0.123066,0.083265,-0.001101,0.085900,-0.005070,0.112747,-0.136682,-0.152729,0.251142,0.022854,-0.023898,0.090045,0.026651,-0.182126,-0.031921,0.060559,0.001129,0.105891,-0.043528,-0.055049,-0.028578,-0.004846,0.030604,-0.169660,-0.071455,0.115447,-0.053203,0.194237,0.088447,0.066797,0.030075,0.090722,-0.132433,-0.071198,0.021062,-0.057815,-0.126499,-0.034934,-0.057071,0.087563,0.084256,-0.062184,0.070094,0.048230,-0.157758,-0.060996,0.039789,0.014634,0.089235,-0.108335,0.142315
-0.059756,-0.091088,0.157412,0.132754,-0.076877,-0.085174,-0.127857,0.042874,-0.085182,0.065649,-0.171740,-0.224616,0.018194,0.124977,0.000772,0.086350,0.117204,0.044660,0.001809,0.022319,0.006881,0.105612,0.001245,0.110083,-0.064893,-0.030709,-0.028380,-0.005040,0.083979,0.033439,0.098023,0.043815,-0.124938,-0.157876,-0.051948,-0.045786,0.039034,0.026638,0.055100,-0.047747,-0.064266,0.113379,0.076083,0.153137,0.139654,0.056440,-0.035637,0.117113,-0.165864,-0.017571,-0.006097,-0.051908,-0.026631,-0.050654,0.032937,-0.017901,-0.033417,0.029865,-0.064713,0.178548,-0.134754,-0.004972,-0.047306,0.068159
-0.174378,0.029933,0.114355,-0.030491,-0.024037,0.026410,0.007685,-0.117456,-0.099710,-0.137187,0.266012,0.079131,-0.003017,-0.099733,-0.039611,0.061922,0.073363,0.045594,0.160510,-0.041129,0.085907,-0.054303,0.006892,0.014189,-0.127964,-0.033783,0.053716,0.191358,-0.025743,0.181283,-0.106392,-0.132706,0.037142,-0.098678,-0.045260,-0.068855,0.033222,-0.020375,-0.012917,-0.026268,-0.040259,0.097007,-0.104939,-0.111990,0.117791,-0.067503,-0.094338,-0.088681,-0.049201,-0.017238,0.174185,-0.068562,0.168335,0.053428,-0.150330,0.003224,0.004746,-0.104491,0.039752,0.186210,0.128574,-0.133758,0.094924,0.085218
0.040273,-0.110217,0.014195,-0.101387,0.043591,0.085520,-0.011288,-0.015234,-0.252929,0.099409,-0.152526,0.032660,0.047646,0.298995,0.008670,0.006682,0.148794,-0.017366,-0.081100,-0.050502,0.035496,-0.204073,0.125565,0.020263,-0.019039,0.053909,0.187389,-0.134536,0.054201,-0.227380,-0.073779,0.078032,-0.086143,0.001667,0.042356,0.076618,-0.182105,0.117093,-0.177805,-0.082545,-0.130798,-0.013587,0.061054,-0.012487,-0.156382,-0.063741,-0.008494,0.152342,-0.021598,0.131392,-0.025549,0.096707,-0.027097,-0.037159,0.069887,-0.044759,-0.016341,-0.159328,-0.176500,0.076442,-0.018223,0.069622,0.010149,0.264301
0.015231,-0.091610,0.129639,0.059077,0.103949,0.025502,-0.002377,-0.088350,-0.093031,0.100578,0.083381,0.106261,0.101176,0.012657,-0.077201,0.117121,-0.069243,0.031933,0.005602,-0.060689,-0.072150,0.041093,0.061203,0.035571,0.027529,0.072677,0.098659,-0.132998,-0.204806,0.012476,0.118586,-0.105168,-0.117683,-0.053195,0.284216,-0.124686,-0.005763,-0.086477,-0.023874,0.053162,-0.079156,0.053326,0.023944,-0.049267,0.277906,-0.009410,0.024966,0.142665,-0.024727,-0.089206,0.158489,-0.198821,-0.081917,-0.026468,-0.216458,-0.134036,0.105302,-0.141728,-0.037441,-0.054893,0.251261,0.136591,0.142653,-0.180165
0.005877,0.048285,0.130700,-0.059437,-0.160651,0.154968,0.065472,-0.025926,0.129172,-0.121665,-0.063403,0.047144,0.076468,-0.117113,-0.006491,-0.069324,0.048009,-0.082593,0.109624,-0.074246,0.084482,-0.076939,0.154890,0.120550,0.081452,-0.101321,-0.054077,0.157534,0.041226,-0.152900,0.020934,0.039082,0.017874,0.161873,0.019157,0.083786,0.110766,-0.083386,-0.111904,-0.158142,-0.015221,-0.100540,-0.105804,0.011401,0.018707,0.017987,-0.217039,-0.175519,0.033285,-0.001983,0.163032,-0.140593,0.123037,0.073500,0.106792,0.049252,-0.196524,-0.036849,0.213071,0.132581,0.110865,0.142207,0.014966,0.045972
-0.060372,0.018366,0.027927,0.090076,-0.068669,-0.118600,-0.040792,0.103572,-0.001545,-0.144756,-0.036142,0.021660,0.036953,-0.015819,-0.037133,-0.031506,-0.050590,0.133257,-0.019243,-0.080674,-0.015474,-0.065627,-0.004297,0.010035,0.033043,0.013287,0.010751,-0.035503,-0.156236,0.027644,-0.025299,0.138754,-0.045033,-0.097532,-0.048521,-0.054896,-0.019640,-0.009257,0.012085,-0.017089,-0.012615,-0.027721,-0.000046,-0.003934,0.072059,0.013418,-0.013431,0.080659,0.034463,0.014515,0.132289,-0.141438,0.016882,0.050839,0.018622,-0.074110,0.071440,-0.096007,-0.045662,0.037918,0.073222,-0.071329,-0.114910,-0.039167
0.025590,-0.050783,0.268566,-0.116436,0.109964,-0.068711,0.059313,-0.034842,-0.073966,-0.028668,-0.111797,0.048857,-0.139607,0.037245,0.265332,-0.131478,-0.120573,-0.029472,0.204748,-0.034284,0.047112,-0.134896,0.032176,0.044822,-0.031583,-0.025719,-0.255259,-0.192415,-0.142411,0.101776,-0.024111,-0.044193,0.155199,0.040257,-0.083768,-0.115288,0.137654,0.029012,-0.027493,-0.138979,0.006966,0.036353,-0.001679,0.176406,-0.027016,0.029341,0.016493,0.097984,0.058083,0.085353,0.069581,0.051847,-0.114190,-0.134537,0.052745,-0.168141,0.034507,-0.006410,-0.090814,0.033538,-0.071906,-0.054240,0.021385,-0.158388
-0.073797,0.031310,-0.075058,-0.005214,-0.158546,-0.161508,0.149638,0.018126,0.236804,0.068488,0.017565,0.077219,0.015929,0.127828,0.153472,-0.024786,-0.020874,-0.051446,-0.053123,0.036575,-0.289229,0.069378,0.034984,-0.106947,0.102099,-0.025986,0.022134,-0.045646,-0.005784,0.043263,0.128921,0.076852,-0.123778,0.006341,0.039306,-0.124959,-0.018135,0.222336,-0.000148,-0.056565,0.086604,-0.075326,0.216932,-0.009709,-0.110118,0.315949,-0.052112,0.012729,-0.121539,-0.020888,0.144158,0.084543,-0.136716,0.100870,-0.150312,-0.013371,-0.052979,-0.063023,-0.093366,0.040030,0.029289,-0.012082,-0.150569,0.055382
-0.102921,-0.110468,-0.031413,0.070606,0.042616,-0.181686,0.027026,-0.033016,0.096403,-0.050551,-0.061712,0.137255,-0.066686,-0.134005,0.198882,0.011071,-0.042534,-0.103712,0.009848,-0.032329,-0.004434,-0.094217,0.135063,0.217183,0.053921,-0.073678,0.079930,-0.073290,-0.023301,-0.103032,0.099328,0.118588,-0.006651,0.050213,0.039842,0.042756,0.032942,-0.022674,-0.029552,0.218885,0.128807,-0.202914,-0.073057,-0.205313,-0.093229,0.049937,0.092499,0.007177,0.165566,0.057271,-0.007799,0.028950,-0.110885,0.094725,-0.054605,-0.010263,0.007834,0.050584,0.018796,0.077332,0.161563,-0.299772,-0.114925,-0.043737
-0.009925,0.033569,-0.001195,-0.022739,-0.102483,-0.033055,0.014433,-0.098045,-0.129078,-0.031966,0.163577,-0.066478,-0.076094,0.004694,-0.077074,-0.024535,0.009742,0.083547,-0.133106,-0.058583,-0.009666,-0.049278,0.039461,-0.077566,0.094530,-0.016613,-0.044344,0.048008,-0.037707,0.143648,-0.075579,-0.041821,-0.201347,0.123084,-0.140570,0.072254,-0.027625,-0.006171,0.234099,-0.127713,0.001369,-0.019934,-0.009463,-0.070388,-0.121132,0.090790,0.084506,0.064689,-0.096938,-0.020858,-0.080089,0.113491,-0.252072,-0.130393,-0.095004,-0.086148,-0.008920,-0.133384,0.083155,0.139695,0.017649,-0.090304,0.008263,0.147602
0.060570,0.078686,0.150901,0.071072,-0.018068,-0.016879,0.005804,-0.148424,-0.074579,-0.073576,0.124453,-0.086908,-0.081978,0.036519,-0.013133,0.019671,-0.090076,0.067551,0.004949,0.043651,-0.286235,0.023245,0.037588,0.004866,0.117410,0.033420,-0.082078,-0.123839,-0.118983,0.035815,0.030712,0.163395,-0.025633,0.131625,0.182030,0.067565,0.140886,0.110238,-0.027230,-0.007603,-0.102655,-0.013065,0.081921,-0.037889,0.054824,-0.261207,0.171253,-0.048461,0.027885,-0.133609,-0.020680,0.010059,-0.020798,0.192696,0.146522,-0.021166,0.035961,0.167502,0.064943,-0.104706,0.138981,-0.070747,0.113708,-0.034242
0.168086,-0.229876,-0.340463,-0.052148,-0.171960,-0.080699,0.119643,-0.022139,-0.353175,0.010381,-0.011273,0.107949,0.076135,-0.096371,0.121943,0.014391,-0.195644,0.078983,0.103597,0.011425,0.021246,-0.038131,-0.073214,-0.094753,0.080240,0.035118,-0.040845,-0.111152,-0.014926,0.065258,0.000393,0.094619,-0.137007,0.099915,0.010201,0.111846,0.118545,-0.218005,0.066114,-0.001362,-0.050165,0.094940,-0.044345,0.027960,-0.041924,-0.057753,-0.106512,-0.134549,0.142769,0.054007,-0.038814,-0.067904,-0.087535,-0.082114,0.063908,0.139040,0.051894,-0.011496,-0.031985,0.088886,0.087775,0.019114,0.094225,-0.136985
0.064867,0.007087,0.173834,-0.016707,-0.073136,-0.240273,-0.188001,-0.184564,0.027029,-0.021003,-0.045794,-0.071095,-0.155033,0.050997,-0.044205,0.045811,0.149782,0.087050,0.133574,0.175777,-0.042675,-0.023394,-0.014586,0.145894,0.014289,-0.047589,0.028767,-0.047429,0.013825,0.033485,-0.186128,0.094167,-0.181104,-0.006639,-0.020364,-0.001175,0.008483,0.067016,-0.010924,-0.009755,-0.195209,0.052602,-0.121130,0.132855,0.054882,-0.213109,0.089736,0.126409,-0.044799,-0.202311,-0.041420,-0.033421,-0.171911,-0.173087,0.059037,0.170223,-0.009909,0.113896,0.001658,-0.031054,-0.061602,0.050189,-0.078360,0.207157
-0.138981,-0.022597,-0.072658,-0.166798,-0.026324,-0.171304,0.048397,0.044529,0.134776,0.000771,-0.006214,-0.038020,0.042689,-0.043065,0.066526,0.179949,0.132289,-0.067830,-0.130343,0.026290,-0.042494,-0.077106,0.133625,0.012831,-0.056401,0.162174,0.031078,-0.128719,-0.018174,0.018862,-0.082362,-0.002732,0.058494,0.059897,0.051096,-0.019251,-0.132209,-0.048875,-0.004077,-0.179122,-0.131602,0.051238,0.036087,-0.138208,-0.028373,0.009277,0.089214,0.023817,-0.072404,0.043905,0.113273,0.014612,0.042984,0.003688,0.007125,0.083201,-0.112508,-0.118837,0.119878,-0.189406,0.086168,-0.230594,-0.283901,-0.014672
-0.022991,-0.046612,0.045642,0.157211,0.175577,-0.001805,-0.088793,0.070850,0.025008,0.115892,-0.036335,-0.110640,-0.082614,0.091918,0.224553,0.058462,-0.017315,-0.052404,-0.069594,-0.118545,0.014838,-0.066131,0.032273,0.165248,-0.097672,-0.192716,-0.072186,0.073440,-0.158071,-0.110271,-0.122290,0.209815,-0.024859,-0.013427,0.027699,0.066004,0.106734,-0.130927,0.098039,0.063071,0.085726,0.117252,0.155338,-0.182912,0.006381,0.105697,-0.081838,0.148120,0.015804,-0.033319,0.043215,-0.041882,0.051630,0.013272,-0.121057,0.076586,-0.080679,-0.222459,-0.096814,0.061006,-0.118485,-0.012995,-0.042307,0.021036
-0.026042,0.017238,0.033200,-0.016897,0.021109,0.034677,-0.138170,0.015609,-0.142513,-0.086462,-0.022523,-0.066736,0.039681,-0.167015,0.136885,-0.008431,0.020122,0.038968,-0.047975,0.079929,-0.180451,0.024834,0.080487,-0.012213,0.080346,-0.069937,0.025099,-0.003429,-0.214491,0.083185,-0.051757,-0.018484,-0.039451,0.098814,-0.023134,0.098348,-0.105234,-0.020599,-0.179753,-0.007595,0.062820,-0.067651,-0.180834,-0.121866,0.009628,0.167829,0.045124,-0.065248,0.056000,0.004199,-0.137755,-0.177698,-0.111267,-0.159510,0.010919,-0.041118,0.058695,0.162223,0.208229,-0.044326,0.082016,-0.133416,0.130062,-0.149998
0.182872,-0.076660,-0.161407,-0.113298,-0.078586,-0.058185,-0.162031,0.131340,0.091336,0.070714,0.034198,-0.272924,0.211278,-0.145914,0.112995,0.110419,-0.129324,-0.143368,0.022225,0.036390,-0.051011,0.056871,-0.197948,-0.101778,-0.164433,-0.006024,0.034573,0.068144,-0.045892,0.064940,0.048953,0.043575,-0.058400,0.029382,-0.021981,-0.030584,-0.043363,-0.063799,0.021346,0.062549,0.164844,0.025575,-0.007949,-0.002501,-0.126191,0.066223,-0.105158,0.068614,-0.204587,-0.093628,0.115552,-0.084014,0.004313,0.168270,0.126435,-0.043494,0.035160,0.049510,0.023911,-0.022932,-0.092992,0.027871,0.122979,-0.049210
0.067103,-0.071000,-0.044975,-0.104753,0.246244,0.141246,-0.009394,-0.033979,0.005346,0.137390,-0.018596,-0.025971,-0.117903,-0.264899,-0.090453,-0.116910,0.167358,-0.037008,0.035011,-0.008357,-0.014457,-0.109249,0.055786,-0.026625,-0.007046,-0.067366,-0.008525,0.111810,0.150293,0.027478,0.064812,-0.094248,0.164266,0.051359,0.096863,-0.176828,0.144956,0.176971,0.019518,0.234719,-0.096514,0.077922,0.041571,-0.049680,0.129842,0.153106,-0.018037,0.147937,0.024824,0.020513,-0.033401,-0.011441,0.108533,0.116275,0.139523,-0.002264,-0.029486,0.084667,-0.047779,0.007816,0.041078,-0.035079,-0.042368,0.195166
-0.073598,-0.015287,0.046097,0.141493,0.037961,0.044179,-0.127682,-0.031699,-0.096892,-0.228125,-0.089544,0.088171,0.039572,-0.050240,-0.043698,-0.248976,0.063430,0.087625,0.148282,0.062169,-0.017185,0.073781,-0.006070,0.062913,-0.103296,0.121352,0.130213,-0.023438,0.231585,-0.138748,0.085222,-0.132305,0.057061,-0.017885,0.019584,-0.017297,0.139137,0.195734,0.061892,-0.036267,-0.006961,0.081987,0.166060,-0.023120,0.117969,0.106604,-0.018041,-0.034259,-0.022909,-0.018236,0.059399,-0.123653,0.060764,0.019671,-0.022939,0.010480,-0.057068,-0.041070,0.173402,-0.027131,0.134984,-0.040349,0.243163,-0.014961
-0.037393,0.148829,-0.033673,0.038494,0.177134,-0.060553,0.145462,-0.024822,-0.050662,-0.103673,-0.106747,0.146625,0.232858,0.045788,-0.054209,-0.025451,-0.222484,-0.037821,0.071042,-0.002924,0.073500,0.206645,0.025756,-0.115953,0.221381,0.072373,-0.051604,0.159156,0.092626,0.147019,0.066637,-0.108785,-0.216143,0.017806,0.215145,0.075999,-0.126258,0.014069,-0.155169,-0.022692,0.171938,-0.268966,-0.083914,0.012298,0.103256,-0.096449,-0.017305,0.066673,0.075764,0.059403,0.008350,-0.079439,0.058781,0.158963,0.127756,0.043804,-0.212231,0.135001,0.098030,-0.064210,0.134456,0.127085,-0.099948,-0.139541
0.014551,-0.235786,0.196515,0.034529,-0.071100,-0.139810,0.042242,0.026197,0.070992,0.001224,-0.189181,0.041966,-0.116171,-0.282857,0.141414,0.141473,0.105231,0.222041,-0.220462,0.100343,0.034512,0.165700,-0.114251,-0.054139,-0.092165,-0.137633,-0.220741,0.023200,0.067961,-0.031818,-0.067089,-0.037198,0.048047,-0.018269,0.047497,-0.097623,-0.062408,-0.100713,0.101661,0.024725,-0.099338,-0.005385,-0.038487,-0.073237,0.106307,-0.093243,-0.090188,-0.063236,-0.180317,-0.011524,-0.060656,-0.018624,0.049784,-0.065356,-0.016739,-0.079687,0.070621,0.051070,0.030323,-0.125335,0.017423,-0.096290,-0.062016,-0.010671
-0.060886,-0.036246,-0.055967,0.016397,0.097901,-0.158920,0.040128,0.083445,-0.010121,0.010036,-0.083966,-0.040653,-0.065587,0.040051,0.014757,-0.164201,-0.140257,-0.093894,0.155917,0.136987,-0.035176,0.105709,-0.167281,0.147247,-0.051305,-0.063953,-0.273336,-0.136078,-0.114675,-0.129883,-0.000234,0.089331,0.020981,0.058253,0.136289,-0.056749,0.066968,0.208879,-0.027655,0.040096,-0.044380,0.000101,0.073090,-0.004602,-0.035951,-0.108392,0.011003,-0.039356,-0.162007,0.109860,0.015695,-0.064720,-0.117259,0.049007,-0.046754,0.130928,-0.204490,0.004020,0.010348,0.127250,-0.031296,-0.150576,0.087720,-0.049680
-0.096758,0.008123,-0.118033,-0.149803,-0.000174,0.169177,0.068825,0.037218,-0.078675,0.108137,0.096664,-0.033580,0.040440,0.079148,0.202287,0.047161,0.011973,0.014350,0.116009,0.131989,0.057683,-0.027422,0.016549,-0.091380,-0.093735,0.000165,0.106265,0.150676,0.003786,0.107892,-0.115162,0.003668,-0.112350,-0.151785,-0.119309,-0.100109,-0.130114,-0.088859,-0.057251,0.227122,-0.027715,-0.207195,-0.241573,-0.146880,0.049490,0.050095,-0.169920,-0.107855,-0.087244,-0.165595,0.016892,0.042648,0.062515,0.041212,0.013919,-0.215253,0.128546,0.084703,0.089559,0.119430,-0.006149,0.158095,-0.044622,0.080927
-0.127630,0.066016,-0.192900,0.104969,-0.064703,0.107586,-0.053123,-0.201469,0.087389,-0.091514,0.049360,-0.050877,-0.035117,0.012567,0.043825,0.064688,-0.002349,-0.254514,-0.014672,0.111023,0.201773,0.072312,0.143286,-0.109130,0.052793,-0.055512,0.033236,0.115939,-0.038846,0.110567,0.019805,-0.066284,-0.145857,-0.075353,-0.067746,-0.133933,0.070016,0.022145,0.097991,-0.060559,-0.101313,-0.102155,0.124713,-0.106774,0.057590,0.032827,0.099702,0.061743,-0.081909,0.100213,-0.043549,-0.170283,-0.083795,-0.040525,0.107503,-0.088521,0.135878,0.095013,-0.032624,0.148161,0.018619,-0.086906,0.118236,-0.211220
